ID,row
test_0000_1,00000000000000000000000000
test_0000_2,00000000000000000000000000
test_0000_3,00000000000000000000000000
test_0000_4,00000000000000000000000000
test_0000_5,00000000000000000000000000
test_0000_6,00000000000000000000000000
test_0000_7,00000000000000000000000000
test_0000_8,00000000000000000000000000
test_0000_9,00000000000000000000000000
test_0000_10,00000000000000000000000000
test_0000_11,00000000000000000000000000
test_0000_12,00000000000000000000000000
test_0000_13,00000000000000000000000000
test_0000_14,00000000000000000000000000
test_0000_15,00000000000000000000000000
test_0000_16,00000000000000000000000000
test_0000_17,00000000000000000000000000
test_0000_18,00000000000000000000000000
test_0000_19,00000000000000000000000000
test_0000_20,00000000000000000000000000
test_0000_21,00000000000000000000000000
test_0000_22,00000000000000000000000000
test_0000_23,00000000000000000000000000
test_0000_24,00000000000000000000000000
test_0000_25,00000000000000000000000000
test_0001_1,000000000000000
test_0001_2,000000000000000
test_0001_3,000000000000000
test_0001_4,000000000000000
test_0001_5,000000000000000
test_0001_6,000000000000000
test_0001_7,000000000000000
test_0001_8,000000000000000
test_0001_9,000000000000000
test_0001_10,000000000000000
test_0001_11,000000000000000
test_0001_12,000000000000000
test_0001_13,000000000000000
test_0001_14,000000000000000
test_0001_15,000000000000000
test_0002_1,0000000000
test_0002_2,0000000000
test_0002_3,0000000000
test_0002_4,0000000000
test_0002_5,0000000000
test_0002_6,0000000000
test_0002_7,0000000000
test_0002_8,0000000000
test_0002_9,0000000000
test_0002_10,0000000000
test_0003_1,00000
test_0003_2,00000
test_0003_3,00000
test_0003_4,00000
test_0003_5,00000
test_0004_1,0000000000
test_0004_2,0000000000
test_0004_3,0000000000
test_0004_4,0000000000
test_0004_5,0000000000
test_0004_6,0000000000
test_0004_7,0000000000
test_0004_8,0000000000
test_0004_9,0000000000
test_0004_10,0000000000
test_0005_1,00000000000000000
test_0005_2,00000000000000000
test_0005_3,00000000000000000
test_0005_4,00000000000000000
test_0005_5,00000000000000000
test_0005_6,00000000000000000
test_0005_7,00000000000000000
test_0005_8,00000000000000000
test_0005_9,00000000000000000
test_0005_10,00000000000000000
test_0005_11,00000000000000000
test_0005_12,00000000000000000
test_0005_13,00000000000000000
test_0005_14,00000000000000000
test_0005_15,00000000000000000
test_0005_16,00000000000000000
test_0005_17,00000000000000000
test_0005_18,00000000000000000
test_0006_1,000000000000000000000000000000
test_0006_2,000000000000000000000000000000
test_0006_3,000000000000000000000000000000
test_0006_4,000000000000000000000000000000
test_0006_5,000000000000000000000000000000
test_0006_6,000000000000000000000000000000
test_0006_7,000000000000000000000000000000
test_0006_8,000000000000000000000000000000
test_0006_9,000000000000000000000000000000
test_0006_10,000000000000000000000000000000
test_0006_11,000000000000000000000000000000
test_0006_12,000000000000000000000000000000
test_0006_13,000000000000000000000000000000
test_0006_14,000000000000000000000000000000
test_0006_15,000000000000000000000000000000
test_0006_16,000000000000000000000000000000
test_0006_17,000000000000000000000000000000
test_0006_18,000000000000000000000000000000
test_0006_19,000000000000000000000000000000
test_0006_20,000000000000000000000000000000
test_0006_21,000000000000000000000000000000
test_0006_22,000000000000000000000000000000
test_0006_23,000000000000000000000000000000
test_0006_24,000000000000000000000000000000
test_0006_25,000000000000000000000000000000
test_0006_26,000000000000000000000000000000
test_0006_27,000000000000000000000000000000
test_0006_28,000000000000000000000000000000
test_0006_29,000000000000000000000000000000
test_0006_30,000000000000000000000000000000
test_0007_1,000000000000000000000000000
test_0007_2,000000000000000000000000000
test_0007_3,000000000000000000000000000
test_0007_4,000000000000000000000000000
test_0007_5,000000000000000000000000000
test_0007_6,000000000000000000000000000
test_0007_7,000000000000000000000000000
test_0007_8,000000000000000000000000000
test_0007_9,000000000000000000000000000
test_0007_10,000000000000000000000000000
test_0007_11,000000000000000000000000000
test_0007_12,000000000000000000000000000
test_0007_13,000000000000000000000000000
test_0007_14,000000000000000000000000000
test_0007_15,000000000000000000000000000
test_0007_16,000000000000000000000000000
test_0007_17,000000000000000000000000000
test_0007_18,000000000000000000000000000
test_0007_19,000000000000000000000000000
test_0007_20,000000000000000000000000000
test_0007_21,000000000000000000000000000
test_0007_22,000000000000000000000000000
test_0007_23,000000000000000000000000000
test_0007_24,000000000000000000000000000
test_0007_25,000000000000000000000000000
test_0007_26,000000000000000000000000000
test_0008_1,00000
test_0008_2,00000
test_0008_3,00000
test_0008_4,00000
test_0008_5,00000
test_0009_1,000000000000000
test_0009_2,000000000000000
test_0009_3,000000000000000
test_0009_4,000000000000000
test_0009_5,000000000000000
test_0009_6,000000000000000
test_0009_7,000000000000000
test_0009_8,000000000000000
test_0009_9,000000000000000
test_0009_10,000000000000000
test_0009_11,000000000000000
test_0009_12,000000000000000
test_0009_13,000000000000000
test_0009_14,000000000000000
test_0010_1,00000000000000
test_0010_2,00000000000000
test_0010_3,00000000000000
test_0010_4,00000000000000
test_0010_5,00000000000000
test_0010_6,00000000000000
test_0010_7,00000000000000
test_0010_8,00000000000000
test_0010_9,00000000000000
test_0010_10,00000000000000
test_0010_11,00000000000000
test_0010_12,00000000000000
test_0010_13,00000000000000
test_0011_1,000000000000000
test_0011_2,000000000000000
test_0011_3,000000000000000
test_0011_4,000000000000000
test_0011_5,000000000000000
test_0011_6,000000000000000
test_0011_7,000000000000000
test_0011_8,000000000000000
test_0011_9,000000000000000
test_0011_10,000000000000000
test_0011_11,000000000000000
test_0011_12,000000000000000
test_0011_13,000000000000000
test_0011_14,000000000000000
test_0011_15,000000000000000
test_0012_1,0000000000
test_0012_2,0000000000
test_0012_3,0000000000
test_0012_4,0000000000
test_0012_5,0000000000
test_0013_1,000000000000000000
test_0013_2,000000000000000000
test_0013_3,000000000000000000
test_0013_4,000000000000000000
test_0013_5,000000000000000000
test_0013_6,000000000000000000
test_0013_7,000000000000000000
test_0013_8,000000000000000000
test_0013_9,000000000000000000
test_0013_10,000000000000000000
test_0013_11,000000000000000000
test_0013_12,000000000000000000
test_0013_13,000000000000000000
test_0013_14,000000000000000000
test_0013_15,000000000000000000
test_0013_16,000000000000000000
test_0013_17,000000000000000000
test_0013_18,000000000000000000
test_0014_1,00000000000000
test_0014_2,00000000000000
test_0014_3,00000000000000
test_0015_1,0000000000000
test_0015_2,0000000000000
test_0015_3,0000000000000
test_0015_4,0000000000000
test_0015_5,0000000000000
test_0015_6,0000000000000
test_0015_7,0000000000000
test_0015_8,0000000000000
test_0015_9,0000000000000
test_0015_10,0000000000000
test_0015_11,0000000000000
test_0015_12,0000000000000
test_0015_13,0000000000000
test_0016_1,0000000000000000000000
test_0016_2,0000000000000000000000
test_0016_3,0000000000000000000000
test_0016_4,0000000000000000000000
test_0016_5,0000000000000000000000
test_0016_6,0000000000000000000000
test_0016_7,0000000000000000000000
test_0016_8,0000000000000000000000
test_0016_9,0000000000000000000000
test_0016_10,0000000000000000000000
test_0016_11,0000000000000000000000
test_0016_12,0000000000000000000000
test_0016_13,0000000000000000000000
test_0016_14,0000000000000000000000
test_0016_15,0000000000000000000000
test_0016_16,0000000000000000000000
test_0016_17,0000000000000000000000
test_0016_18,0000000000000000000000
test_0016_19,0000000000000000000000
test_0016_20,0000000000000000000000
test_0016_21,0000000000000000000000
test_0016_22,0000000000000000000000
test_0017_1,0000000000000000000000
test_0017_2,0000000000000000000000
test_0017_3,0000000000000000000000
test_0017_4,0000000000000000000000
test_0017_5,0000000000000000000000
test_0017_6,0000000000000000000000
test_0017_7,0000000000000000000000
test_0017_8,0000000000000000000000
test_0017_9,0000000000000000000000
test_0017_10,0000000000000000000000
test_0017_11,0000000000000000000000
test_0017_12,0000000000000000000000
test_0017_13,0000000000000000000000
test_0017_14,0000000000000000000000
test_0017_15,0000000000000000000000
test_0017_16,0000000000000000000000
test_0017_17,0000000000000000000000
test_0017_18,0000000000000000000000
test_0017_19,0000000000000000000000
test_0017_20,0000000000000000000000
test_0017_21,0000000000000000000000
test_0017_22,0000000000000000000000
test_0018_1,00000
test_0018_2,00000
test_0018_3,00000
test_0018_4,00000
test_0018_5,00000
test_0019_1,0000
test_0019_2,0000
test_0019_3,0000
test_0019_4,0000
test_0020_1,000000000000000000000
test_0020_2,000000000000000000000
test_0020_3,000000000000000000000
test_0020_4,000000000000000000000
test_0020_5,000000000000000000000
test_0020_6,000000000000000000000
test_0020_7,000000000000000000000
test_0020_8,000000000000000000000
test_0020_9,000000000000000000000
test_0020_10,000000000000000000000
test_0020_11,000000000000000000000
test_0020_12,000000000000000000000
test_0020_13,000000000000000000000
test_0020_14,000000000000000000000
test_0020_15,000000000000000000000
test_0020_16,000000000000000000000
test_0020_17,000000000000000000000
test_0020_18,000000000000000000000
test_0020_19,000000000000000000000
test_0020_20,000000000000000000000
test_0020_21,000000000000000000000
test_0021_1,0000000000
test_0021_2,0000000000
test_0021_3,0000000000
test_0021_4,0000000000
test_0021_5,0000000000
test_0021_6,0000000000
test_0021_7,0000000000
test_0021_8,0000000000
test_0021_9,0000000000
test_0021_10,0000000000
test_0022_1,00000000000000000000
test_0022_2,00000000000000000000
test_0022_3,00000000000000000000
test_0022_4,00000000000000000000
test_0022_5,00000000000000000000
test_0022_6,00000000000000000000
test_0022_7,00000000000000000000
test_0022_8,00000000000000000000
test_0022_9,00000000000000000000
test_0022_10,00000000000000000000
test_0022_11,00000000000000000000
test_0023_1,00000000000000000
test_0023_2,00000000000000000
test_0023_3,00000000000000000
test_0023_4,00000000000000000
test_0023_5,00000000000000000
test_0023_6,00000000000000000
test_0023_7,00000000000000000
test_0023_8,00000000000000000
test_0023_9,00000000000000000
test_0023_10,00000000000000000
test_0023_11,00000000000000000
test_0023_12,00000000000000000
test_0023_13,00000000000000000
test_0023_14,00000000000000000
test_0023_15,00000000000000000
test_0023_16,00000000000000000
test_0023_17,00000000000000000
test_0023_18,00000000000000000
test_0023_19,00000000000000000
test_0024_1,000000000000000000
test_0024_2,000000000000000000
test_0024_3,000000000000000000
test_0024_4,000000000000000000
test_0024_5,000000000000000000
test_0024_6,000000000000000000
test_0024_7,000000000000000000
test_0024_8,000000000000000000
test_0024_9,000000000000000000
test_0024_10,000000000000000000
test_0024_11,000000000000000000
test_0024_12,000000000000000000
test_0024_13,000000000000000000
test_0024_14,000000000000000000
test_0024_15,000000000000000000
test_0024_16,000000000000000000
test_0024_17,000000000000000000
test_0024_18,000000000000000000
test_0024_19,000000000000000000
test_0024_20,000000000000000000
test_0024_21,000000000000000000
test_0024_22,000000000000000000
test_0024_23,000000000000000000
test_0024_24,000000000000000000
test_0024_25,000000000000000000
test_0025_1,0000
test_0025_2,0000
test_0025_3,0000
test_0025_4,0000
test_0025_5,0000
test_0025_6,0000
test_0025_7,0000
test_0025_8,0000
test_0026_1,00000000000000000000000
test_0026_2,00000000000000000000000
test_0026_3,00000000000000000000000
test_0026_4,00000000000000000000000
test_0026_5,00000000000000000000000
test_0026_6,00000000000000000000000
test_0026_7,00000000000000000000000
test_0026_8,00000000000000000000000
test_0026_9,00000000000000000000000
test_0026_10,00000000000000000000000
test_0026_11,00000000000000000000000
test_0026_12,00000000000000000000000
test_0026_13,00000000000000000000000
test_0026_14,00000000000000000000000
test_0026_15,00000000000000000000000
test_0026_16,00000000000000000000000
test_0026_17,00000000000000000000000
test_0026_18,00000000000000000000000
test_0026_19,00000000000000000000000
test_0026_20,00000000000000000000000
test_0026_21,00000000000000000000000
test_0027_1,0000000000
test_0027_2,0000000000
test_0027_3,0000000000
test_0027_4,0000000000
test_0027_5,0000000000
test_0027_6,0000000000
test_0027_7,0000000000
test_0027_8,0000000000
test_0027_9,0000000000
test_0027_10,0000000000
test_0028_1,000000000000000000000000000000
test_0028_2,000000000000000000000000000000
test_0028_3,000000000000000000000000000000
test_0028_4,000000000000000000000000000000
test_0028_5,000000000000000000000000000000
test_0028_6,000000000000000000000000000000
test_0028_7,000000000000000000000000000000
test_0028_8,000000000000000000000000000000
test_0028_9,000000000000000000000000000000
test_0028_10,000000000000000000000000000000
test_0028_11,000000000000000000000000000000
test_0028_12,000000000000000000000000000000
test_0028_13,000000000000000000000000000000
test_0028_14,000000000000000000000000000000
test_0028_15,000000000000000000000000000000
test_0028_16,000000000000000000000000000000
test_0028_17,000000000000000000000000000000
test_0028_18,000000000000000000000000000000
test_0028_19,000000000000000000000000000000
test_0028_20,000000000000000000000000000000
test_0028_21,000000000000000000000000000000
test_0028_22,000000000000000000000000000000
test_0028_23,000000000000000000000000000000
test_0028_24,000000000000000000000000000000
test_0028_25,000000000000000000000000000000
test_0028_26,000000000000000000000000000000
test_0028_27,000000000000000000000000000000
test_0028_28,000000000000000000000000000000
test_0028_29,000000000000000000000000000000
test_0028_30,000000000000000000000000000000
test_0029_1,0000000000
test_0029_2,0000000000
test_0029_3,0000000000
test_0029_4,0000000000
test_0029_5,0000000000
test_0029_6,0000000000
test_0029_7,0000000000
test_0029_8,0000000000
test_0029_9,0000000000
test_0029_10,0000000000
test_0030_1,00000000000000000000000000
test_0030_2,00000000000000000000000000
test_0030_3,00000000000000000000000000
test_0030_4,00000000000000000000000000
test_0030_5,00000000000000000000000000
test_0030_6,00000000000000000000000000
test_0030_7,00000000000000000000000000
test_0030_8,00000000000000000000000000
test_0030_9,00000000000000000000000000
test_0030_10,00000000000000000000000000
test_0030_11,00000000000000000000000000
test_0030_12,00000000000000000000000000
test_0030_13,00000000000000000000000000
test_0030_14,00000000000000000000000000
test_0030_15,00000000000000000000000000
test_0030_16,00000000000000000000000000
test_0030_17,00000000000000000000000000
test_0030_18,00000000000000000000000000
test_0030_19,00000000000000000000000000
test_0030_20,00000000000000000000000000
test_0030_21,00000000000000000000000000
test_0030_22,00000000000000000000000000
test_0031_1,00000
test_0031_2,00000
test_0031_3,00000
test_0031_4,00000
test_0031_5,00000
test_0032_1,000000000000000
test_0032_2,000000000000000
test_0032_3,000000000000000
test_0032_4,000000000000000
test_0032_5,000000000000000
test_0032_6,000000000000000
test_0032_7,000000000000000
test_0032_8,000000000000000
test_0032_9,000000000000000
test_0032_10,000000000000000
test_0032_11,000000000000000
test_0032_12,000000000000000
test_0032_13,000000000000000
test_0032_14,000000000000000
test_0032_15,000000000000000
test_0033_1,0000000000000000000000000000
test_0033_2,0000000000000000000000000000
test_0033_3,0000000000000000000000000000
test_0033_4,0000000000000000000000000000
test_0033_5,0000000000000000000000000000
test_0033_6,0000000000000000000000000000
test_0033_7,0000000000000000000000000000
test_0033_8,0000000000000000000000000000
test_0033_9,0000000000000000000000000000
test_0033_10,0000000000000000000000000000
test_0033_11,0000000000000000000000000000
test_0033_12,0000000000000000000000000000
test_0033_13,0000000000000000000000000000
test_0033_14,0000000000000000000000000000
test_0033_15,0000000000000000000000000000
test_0033_16,0000000000000000000000000000
test_0033_17,0000000000000000000000000000
test_0033_18,0000000000000000000000000000
test_0033_19,0000000000000000000000000000
test_0033_20,0000000000000000000000000000
test_0033_21,0000000000000000000000000000
test_0033_22,0000000000000000000000000000
test_0033_23,0000000000000000000000000000
test_0033_24,0000000000000000000000000000
test_0033_25,0000000000000000000000000000
test_0033_26,0000000000000000000000000000
test_0033_27,0000000000000000000000000000
test_0033_28,0000000000000000000000000000
test_0033_29,0000000000000000000000000000
test_0034_1,000000000000
test_0034_2,000000000000
test_0034_3,000000000000
test_0034_4,000000000000
test_0034_5,000000000000
test_0034_6,000000000000
test_0034_7,000000000000
test_0034_8,000000000000
test_0034_9,000000000000
test_0034_10,000000000000
test_0034_11,000000000000
test_0034_12,000000000000
test_0035_1,00000000000000000
test_0035_2,00000000000000000
test_0035_3,00000000000000000
test_0036_1,0000000000000000000
test_0036_2,0000000000000000000
test_0036_3,0000000000000000000
test_0036_4,0000000000000000000
test_0036_5,0000000000000000000
test_0036_6,0000000000000000000
test_0036_7,0000000000000000000
test_0036_8,0000000000000000000
test_0036_9,0000000000000000000
test_0036_10,0000000000000000000
test_0036_11,0000000000000000000
test_0036_12,0000000000000000000
test_0036_13,0000000000000000000
test_0036_14,0000000000000000000
test_0036_15,0000000000000000000
test_0036_16,0000000000000000000
test_0036_17,0000000000000000000
test_0036_18,0000000000000000000
test_0037_1,0000000000000
test_0037_2,0000000000000
test_0037_3,0000000000000
test_0037_4,0000000000000
test_0037_5,0000000000000
test_0037_6,0000000000000
test_0037_7,0000000000000
test_0037_8,0000000000000
test_0037_9,0000000000000
test_0037_10,0000000000000
test_0037_11,0000000000000
test_0037_12,0000000000000
test_0037_13,0000000000000
test_0038_1,0000000000000000000000000000
test_0038_2,0000000000000000000000000000
test_0038_3,0000000000000000000000000000
test_0038_4,0000000000000000000000000000
test_0038_5,0000000000000000000000000000
test_0038_6,0000000000000000000000000000
test_0038_7,0000000000000000000000000000
test_0038_8,0000000000000000000000000000
test_0038_9,0000000000000000000000000000
test_0038_10,0000000000000000000000000000
test_0038_11,0000000000000000000000000000
test_0038_12,0000000000000000000000000000
test_0038_13,0000000000000000000000000000
test_0038_14,0000000000000000000000000000
test_0038_15,0000000000000000000000000000
test_0038_16,0000000000000000000000000000
test_0038_17,0000000000000000000000000000
test_0038_18,0000000000000000000000000000
test_0038_19,0000000000000000000000000000
test_0038_20,0000000000000000000000000000
test_0038_21,0000000000000000000000000000
test_0038_22,0000000000000000000000000000
test_0038_23,0000000000000000000000000000
test_0038_24,0000000000000000000000000000
test_0038_25,0000000000000000000000000000
test_0038_26,0000000000000000000000000000
test_0038_27,0000000000000000000000000000
test_0038_28,0000000000000000000000000000
test_0038_29,0000000000000000000000000000
test_0038_30,0000000000000000000000000000
test_0039_1,00000
test_0039_2,00000
test_0039_3,00000
test_0039_4,00000
test_0039_5,00000
test_0040_1,00000000000000000000
test_0040_2,00000000000000000000
test_0040_3,00000000000000000000
test_0040_4,00000000000000000000
test_0040_5,00000000000000000000
test_0040_6,00000000000000000000
test_0040_7,00000000000000000000
test_0040_8,00000000000000000000
test_0040_9,00000000000000000000
test_0040_10,00000000000000000000
test_0040_11,00000000000000000000
test_0040_12,00000000000000000000
test_0040_13,00000000000000000000
test_0040_14,00000000000000000000
test_0040_15,00000000000000000000
test_0040_16,00000000000000000000
test_0040_17,00000000000000000000
test_0040_18,00000000000000000000
test_0040_19,00000000000000000000
test_0040_20,00000000000000000000
test_0041_1,0000000000000
test_0041_2,0000000000000
test_0041_3,0000000000000
test_0041_4,0000000000000
test_0041_5,0000000000000
test_0041_6,0000000000000
test_0041_7,0000000000000
test_0041_8,0000000000000
test_0041_9,0000000000000
test_0041_10,0000000000000
test_0041_11,0000000000000
test_0041_12,0000000000000
test_0042_1,00000000000000000000
test_0042_2,00000000000000000000
test_0042_3,00000000000000000000
test_0042_4,00000000000000000000
test_0042_5,00000000000000000000
test_0042_6,00000000000000000000
test_0042_7,00000000000000000000
test_0042_8,00000000000000000000
test_0042_9,00000000000000000000
test_0042_10,00000000000000000000
test_0043_1,000000000000
test_0043_2,000000000000
test_0043_3,000000000000
test_0043_4,000000000000
test_0043_5,000000000000
test_0043_6,000000000000
test_0043_7,000000000000
test_0043_8,000000000000
test_0043_9,000000000000
test_0043_10,000000000000
test_0043_11,000000000000
test_0043_12,000000000000
test_0044_1,00000000000
test_0044_2,00000000000
test_0044_3,00000000000
test_0044_4,00000000000
test_0044_5,00000000000
test_0044_6,00000000000
test_0044_7,00000000000
test_0044_8,00000000000
test_0045_1,000000000000000000000000000000
test_0045_2,000000000000000000000000000000
test_0045_3,000000000000000000000000000000
test_0045_4,000000000000000000000000000000
test_0045_5,000000000000000000000000000000
test_0045_6,000000000000000000000000000000
test_0045_7,000000000000000000000000000000
test_0045_8,000000000000000000000000000000
test_0045_9,000000000000000000000000000000
test_0045_10,000000000000000000000000000000
test_0045_11,000000000000000000000000000000
test_0045_12,000000000000000000000000000000
test_0045_13,000000000000000000000000000000
test_0045_14,000000000000000000000000000000
test_0045_15,000000000000000000000000000000
test_0045_16,000000000000000000000000000000
test_0045_17,000000000000000000000000000000
test_0045_18,000000000000000000000000000000
test_0045_19,000000000000000000000000000000
test_0045_20,000000000000000000000000000000
test_0045_21,000000000000000000000000000000
test_0045_22,000000000000000000000000000000
test_0045_23,000000000000000000000000000000
test_0045_24,000000000000000000000000000000
test_0045_25,000000000000000000000000000000
test_0045_26,000000000000000000000000000000
test_0045_27,000000000000000000000000000000
test_0045_28,000000000000000000000000000000
test_0045_29,000000000000000000000000000000
test_0045_30,000000000000000000000000000000
test_0046_1,00000
test_0046_2,00000
test_0046_3,00000
test_0046_4,00000
test_0046_5,00000
test_0046_6,00000
test_0047_1,00000000000
test_0047_2,00000000000
test_0047_3,00000000000
test_0047_4,00000000000
test_0047_5,00000000000
test_0047_6,00000000000
test_0047_7,00000000000
test_0047_8,00000000000
test_0047_9,00000000000
test_0048_1,0000000000000000000000
test_0048_2,0000000000000000000000
test_0048_3,0000000000000000000000
test_0048_4,0000000000000000000000
test_0048_5,0000000000000000000000
test_0048_6,0000000000000000000000
test_0048_7,0000000000000000000000
test_0048_8,0000000000000000000000
test_0048_9,0000000000000000000000
test_0048_10,0000000000000000000000
test_0048_11,0000000000000000000000
test_0048_12,0000000000000000000000
test_0048_13,0000000000000000000000
test_0048_14,0000000000000000000000
test_0048_15,0000000000000000000000
test_0048_16,0000000000000000000000
test_0048_17,0000000000000000000000
test_0048_18,0000000000000000000000
test_0048_19,0000000000000000000000
test_0048_20,0000000000000000000000
test_0048_21,0000000000000000000000
test_0048_22,0000000000000000000000
test_0049_1,000000000000000
test_0049_2,000000000000000
test_0049_3,000000000000000
test_0049_4,000000000000000
test_0049_5,000000000000000
test_0049_6,000000000000000
test_0049_7,000000000000000
test_0049_8,000000000000000
test_0049_9,000000000000000
test_0049_10,000000000000000
test_0049_11,000000000000000
test_0049_12,000000000000000
test_0049_13,000000000000000
test_0049_14,000000000000000
test_0049_15,000000000000000
test_0050_1,0000000000000
test_0050_2,0000000000000
test_0050_3,0000000000000
test_0050_4,0000000000000
test_0050_5,0000000000000
test_0050_6,0000000000000
test_0050_7,0000000000000
test_0050_8,0000000000000
test_0050_9,0000000000000
test_0050_10,0000000000000
test_0050_11,0000000000000
test_0050_12,0000000000000
test_0050_13,0000000000000
test_0051_1,0000000000000
test_0051_2,0000000000000
test_0051_3,0000000000000
test_0051_4,0000000000000
test_0051_5,0000000000000
test_0051_6,0000000000000
test_0051_7,0000000000000
test_0051_8,0000000000000
test_0051_9,0000000000000
test_0051_10,0000000000000
test_0051_11,0000000000000
test_0051_12,0000000000000
test_0051_13,0000000000000
test_0052_1,00000000000000000000000
test_0052_2,00000000000000000000000
test_0052_3,00000000000000000000000
test_0052_4,00000000000000000000000
test_0052_5,00000000000000000000000
test_0052_6,00000000000000000000000
test_0052_7,00000000000000000000000
test_0052_8,00000000000000000000000
test_0052_9,00000000000000000000000
test_0052_10,00000000000000000000000
test_0052_11,00000000000000000000000
test_0052_12,00000000000000000000000
test_0052_13,00000000000000000000000
test_0052_14,00000000000000000000000
test_0052_15,00000000000000000000000
test_0052_16,00000000000000000000000
test_0052_17,00000000000000000000000
test_0052_18,00000000000000000000000
test_0052_19,00000000000000000000000
test_0053_1,00000000000000000000
test_0053_2,00000000000000000000
test_0053_3,00000000000000000000
test_0053_4,00000000000000000000
test_0053_5,00000000000000000000
test_0053_6,00000000000000000000
test_0053_7,00000000000000000000
test_0053_8,00000000000000000000
test_0053_9,00000000000000000000
test_0053_10,00000000000000000000
test_0053_11,00000000000000000000
test_0053_12,00000000000000000000
test_0053_13,00000000000000000000
test_0053_14,00000000000000000000
test_0053_15,00000000000000000000
test_0053_16,00000000000000000000
test_0053_17,00000000000000000000
test_0053_18,00000000000000000000
test_0053_19,00000000000000000000
test_0053_20,00000000000000000000
test_0054_1,000000000000
test_0054_2,000000000000
test_0054_3,000000000000
test_0054_4,000000000000
test_0054_5,000000000000
test_0054_6,000000000000
test_0054_7,000000000000
test_0054_8,000000000000
test_0054_9,000000000000
test_0054_10,000000000000
test_0054_11,000000000000
test_0054_12,000000000000
test_0055_1,0000000000
test_0055_2,0000000000
test_0055_3,0000000000
test_0055_4,0000000000
test_0055_5,0000000000
test_0055_6,0000000000
test_0055_7,0000000000
test_0055_8,0000000000
test_0055_9,0000000000
test_0055_10,0000000000
test_0056_1,000
test_0056_2,000
test_0056_3,000
test_0057_1,0000000000000000
test_0057_2,0000000000000000
test_0057_3,0000000000000000
test_0057_4,0000000000000000
test_0057_5,0000000000000000
test_0057_6,0000000000000000
test_0057_7,0000000000000000
test_0057_8,0000000000000000
test_0057_9,0000000000000000
test_0057_10,0000000000000000
test_0057_11,0000000000000000
test_0057_12,0000000000000000
test_0057_13,0000000000000000
test_0057_14,0000000000000000
test_0057_15,0000000000000000
test_0057_16,0000000000000000
test_0058_1,00000000000000000
test_0058_2,00000000000000000
test_0058_3,00000000000000000
test_0058_4,00000000000000000
test_0058_5,00000000000000000
test_0058_6,00000000000000000
test_0058_7,00000000000000000
test_0058_8,00000000000000000
test_0058_9,00000000000000000
test_0058_10,00000000000000000
test_0058_11,00000000000000000
test_0058_12,00000000000000000
test_0059_1,00000000000000000
test_0059_2,00000000000000000
test_0059_3,00000000000000000
test_0059_4,00000000000000000
test_0059_5,00000000000000000
test_0059_6,00000000000000000
test_0059_7,00000000000000000
test_0059_8,00000000000000000
test_0059_9,00000000000000000
test_0059_10,00000000000000000
test_0059_11,00000000000000000
test_0059_12,00000000000000000
test_0059_13,00000000000000000
test_0059_14,00000000000000000
test_0059_15,00000000000000000
test_0059_16,00000000000000000
test_0060_1,0000000000000
test_0060_2,0000000000000
test_0060_3,0000000000000
test_0060_4,0000000000000
test_0060_5,0000000000000
test_0060_6,0000000000000
test_0060_7,0000000000000
test_0060_8,0000000000000
test_0060_9,0000000000000
test_0060_10,0000000000000
test_0060_11,0000000000000
test_0060_12,0000000000000
test_0060_13,0000000000000
test_0060_14,0000000000000
test_0060_15,0000000000000
test_0060_16,0000000000000
test_0060_17,0000000000000
test_0061_1,000000000000000000000000000000
test_0061_2,000000000000000000000000000000
test_0061_3,000000000000000000000000000000
test_0061_4,000000000000000000000000000000
test_0061_5,000000000000000000000000000000
test_0061_6,000000000000000000000000000000
test_0061_7,000000000000000000000000000000
test_0061_8,000000000000000000000000000000
test_0061_9,000000000000000000000000000000
test_0061_10,000000000000000000000000000000
test_0061_11,000000000000000000000000000000
test_0061_12,000000000000000000000000000000
test_0061_13,000000000000000000000000000000
test_0061_14,000000000000000000000000000000
test_0061_15,000000000000000000000000000000
test_0061_16,000000000000000000000000000000
test_0061_17,000000000000000000000000000000
test_0061_18,000000000000000000000000000000
test_0061_19,000000000000000000000000000000
test_0061_20,000000000000000000000000000000
test_0061_21,000000000000000000000000000000
test_0061_22,000000000000000000000000000000
test_0061_23,000000000000000000000000000000
test_0061_24,000000000000000000000000000000
test_0061_25,000000000000000000000000000000
test_0061_26,000000000000000000000000000000
test_0061_27,000000000000000000000000000000
test_0061_28,000000000000000000000000000000
test_0061_29,000000000000000000000000000000
test_0061_30,000000000000000000000000000000
test_0062_1,000000
test_0062_2,000000
test_0062_3,000000
test_0062_4,000000
test_0062_5,000000
test_0062_6,000000
test_0063_1,0000000000
test_0063_2,0000000000
test_0063_3,0000000000
test_0063_4,0000000000
test_0063_5,0000000000
test_0063_6,0000000000
test_0063_7,0000000000
test_0063_8,0000000000
test_0063_9,0000000000
test_0063_10,0000000000
test_0064_1,000
test_0064_2,000
test_0064_3,000
test_0065_1,000000000000000
test_0065_2,000000000000000
test_0065_3,000000000000000
test_0065_4,000000000000000
test_0065_5,000000000000000
test_0065_6,000000000000000
test_0065_7,000000000000000
test_0065_8,000000000000000
test_0065_9,000000000000000
test_0065_10,000000000000000
test_0065_11,000000000000000
test_0065_12,000000000000000
test_0065_13,000000000000000
test_0065_14,000000000000000
test_0065_15,000000000000000
test_0066_1,000000
test_0066_2,000000
test_0066_3,000000
test_0066_4,000000
test_0066_5,000000
test_0066_6,000000
test_0067_1,00000
test_0067_2,00000
test_0067_3,00000
test_0067_4,00000
test_0067_5,00000
test_0068_1,0000
test_0068_2,0000
test_0068_3,0000
test_0068_4,0000
test_0069_1,00000000000000000000
test_0069_2,00000000000000000000
test_0069_3,00000000000000000000
test_0069_4,00000000000000000000
test_0069_5,00000000000000000000
test_0069_6,00000000000000000000
test_0069_7,00000000000000000000
test_0069_8,00000000000000000000
test_0069_9,00000000000000000000
test_0069_10,00000000000000000000
test_0069_11,00000000000000000000
test_0069_12,00000000000000000000
test_0069_13,00000000000000000000
test_0069_14,00000000000000000000
test_0069_15,00000000000000000000
test_0069_16,00000000000000000000
test_0069_17,00000000000000000000
test_0069_18,00000000000000000000
test_0069_19,00000000000000000000
test_0069_20,00000000000000000000
test_0070_1,000000000000000000
test_0070_2,000000000000000000
test_0070_3,000000000000000000
test_0070_4,000000000000000000
test_0070_5,000000000000000000
test_0070_6,000000000000000000
test_0070_7,000000000000000000
test_0070_8,000000000000000000
test_0070_9,000000000000000000
test_0070_10,000000000000000000
test_0070_11,000000000000000000
test_0070_12,000000000000000000
test_0070_13,000000000000000000
test_0070_14,000000000000000000
test_0070_15,000000000000000000
test_0070_16,000000000000000000
test_0070_17,000000000000000000
test_0070_18,000000000000000000
test_0070_19,000000000000000000
test_0070_20,000000000000000000
test_0071_1,0000000000000000000000000
test_0071_2,0000000000000000000000000
test_0071_3,0000000000000000000000000
test_0071_4,0000000000000000000000000
test_0071_5,0000000000000000000000000
test_0071_6,0000000000000000000000000
test_0071_7,0000000000000000000000000
test_0071_8,0000000000000000000000000
test_0071_9,0000000000000000000000000
test_0071_10,0000000000000000000000000
test_0071_11,0000000000000000000000000
test_0071_12,0000000000000000000000000
test_0071_13,0000000000000000000000000
test_0071_14,0000000000000000000000000
test_0071_15,0000000000000000000000000
test_0071_16,0000000000000000000000000
test_0071_17,0000000000000000000000000
test_0071_18,0000000000000000000000000
test_0071_19,0000000000000000000000000
test_0071_20,0000000000000000000000000
test_0071_21,0000000000000000000000000
test_0071_22,0000000000000000000000000
test_0071_23,0000000000000000000000000
test_0071_24,0000000000000000000000000
test_0071_25,0000000000000000000000000
test_0072_1,000000000000000000000000000000
test_0072_2,000000000000000000000000000000
test_0072_3,000000000000000000000000000000
test_0072_4,000000000000000000000000000000
test_0072_5,000000000000000000000000000000
test_0072_6,000000000000000000000000000000
test_0072_7,000000000000000000000000000000
test_0072_8,000000000000000000000000000000
test_0072_9,000000000000000000000000000000
test_0072_10,000000000000000000000000000000
test_0072_11,000000000000000000000000000000
test_0072_12,000000000000000000000000000000
test_0072_13,000000000000000000000000000000
test_0072_14,000000000000000000000000000000
test_0072_15,000000000000000000000000000000
test_0072_16,000000000000000000000000000000
test_0072_17,000000000000000000000000000000
test_0072_18,000000000000000000000000000000
test_0072_19,000000000000000000000000000000
test_0072_20,000000000000000000000000000000
test_0072_21,000000000000000000000000000000
test_0072_22,000000000000000000000000000000
test_0072_23,000000000000000000000000000000
test_0072_24,000000000000000000000000000000
test_0072_25,000000000000000000000000000000
test_0072_26,000000000000000000000000000000
test_0072_27,000000000000000000000000000000
test_0072_28,000000000000000000000000000000
test_0072_29,000000000000000000000000000000
test_0072_30,000000000000000000000000000000
test_0073_1,00000000000
test_0073_2,00000000000
test_0073_3,00000000000
test_0073_4,00000000000
test_0073_5,00000000000
test_0074_1,000
test_0074_2,000
test_0074_3,000
test_0075_1,00000
test_0075_2,00000
test_0075_3,00000
test_0075_4,00000
test_0075_5,00000
test_0076_1,0000000000000000000000000
test_0076_2,0000000000000000000000000
test_0076_3,0000000000000000000000000
test_0076_4,0000000000000000000000000
test_0076_5,0000000000000000000000000
test_0076_6,0000000000000000000000000
test_0076_7,0000000000000000000000000
test_0076_8,0000000000000000000000000
test_0076_9,0000000000000000000000000
test_0076_10,0000000000000000000000000
test_0076_11,0000000000000000000000000
test_0076_12,0000000000000000000000000
test_0076_13,0000000000000000000000000
test_0076_14,0000000000000000000000000
test_0076_15,0000000000000000000000000
test_0076_16,0000000000000000000000000
test_0076_17,0000000000000000000000000
test_0076_18,0000000000000000000000000
test_0076_19,0000000000000000000000000
test_0076_20,0000000000000000000000000
test_0076_21,0000000000000000000000000
test_0076_22,0000000000000000000000000
test_0076_23,0000000000000000000000000
test_0076_24,0000000000000000000000000
test_0077_1,000000000000000000000
test_0077_2,000000000000000000000
test_0077_3,000000000000000000000
test_0077_4,000000000000000000000
test_0077_5,000000000000000000000
test_0077_6,000000000000000000000
test_0077_7,000000000000000000000
test_0077_8,000000000000000000000
test_0077_9,000000000000000000000
test_0077_10,000000000000000000000
test_0078_1,000000000000000000
test_0078_2,000000000000000000
test_0078_3,000000000000000000
test_0078_4,000000000000000000
test_0078_5,000000000000000000
test_0078_6,000000000000000000
test_0078_7,000000000000000000
test_0078_8,000000000000000000
test_0078_9,000000000000000000
test_0078_10,000000000000000000
test_0078_11,000000000000000000
test_0078_12,000000000000000000
test_0078_13,000000000000000000
test_0078_14,000000000000000000
test_0078_15,000000000000000000
test_0078_16,000000000000000000
test_0079_1,000000000000000000
test_0079_2,000000000000000000
test_0079_3,000000000000000000
test_0079_4,000000000000000000
test_0079_5,000000000000000000
test_0079_6,000000000000000000
test_0079_7,000000000000000000
test_0079_8,000000000000000000
test_0079_9,000000000000000000
test_0079_10,000000000000000000
test_0079_11,000000000000000000
test_0079_12,000000000000000000
test_0079_13,000000000000000000
test_0079_14,000000000000000000
test_0079_15,000000000000000000
test_0079_16,000000000000000000
test_0080_1,0000000000
test_0080_2,0000000000
test_0080_3,0000000000
test_0080_4,0000000000
test_0080_5,0000000000
test_0080_6,0000000000
test_0080_7,0000000000
test_0080_8,0000000000
test_0081_1,00000000000000000000
test_0081_2,00000000000000000000
test_0081_3,00000000000000000000
test_0081_4,00000000000000000000
test_0081_5,00000000000000000000
test_0081_6,00000000000000000000
test_0081_7,00000000000000000000
test_0081_8,00000000000000000000
test_0081_9,00000000000000000000
test_0081_10,00000000000000000000
test_0081_11,00000000000000000000
test_0081_12,00000000000000000000
test_0081_13,00000000000000000000
test_0081_14,00000000000000000000
test_0081_15,00000000000000000000
test_0081_16,00000000000000000000
test_0081_17,00000000000000000000
test_0081_18,00000000000000000000
test_0081_19,00000000000000000000
test_0081_20,00000000000000000000
test_0082_1,000000000000000
test_0082_2,000000000000000
test_0082_3,000000000000000
test_0082_4,000000000000000
test_0082_5,000000000000000
test_0082_6,000000000000000
test_0082_7,000000000000000
test_0082_8,000000000000000
test_0082_9,000000000000000
test_0082_10,000000000000000
test_0082_11,000000000000000
test_0082_12,000000000000000
test_0082_13,000000000000000
test_0082_14,000000000000000
test_0082_15,000000000000000
test_0083_1,0000000000
test_0083_2,0000000000
test_0083_3,0000000000
test_0083_4,0000000000
test_0083_5,0000000000
test_0083_6,0000000000
test_0083_7,0000000000
test_0083_8,0000000000
test_0083_9,0000000000
test_0083_10,0000000000
test_0084_1,0000000000000
test_0084_2,0000000000000
test_0084_3,0000000000000
test_0084_4,0000000000000
test_0084_5,0000000000000
test_0084_6,0000000000000
test_0084_7,0000000000000
test_0084_8,0000000000000
test_0084_9,0000000000000
test_0084_10,0000000000000
test_0084_11,0000000000000
test_0085_1,00000000000000000
test_0085_2,00000000000000000
test_0085_3,00000000000000000
test_0085_4,00000000000000000
test_0085_5,00000000000000000
test_0085_6,00000000000000000
test_0085_7,00000000000000000
test_0085_8,00000000000000000
test_0085_9,00000000000000000
test_0085_10,00000000000000000
test_0085_11,00000000000000000
test_0085_12,00000000000000000
test_0085_13,00000000000000000
test_0085_14,00000000000000000
test_0085_15,00000000000000000
test_0085_16,00000000000000000
test_0085_17,00000000000000000
test_0086_1,00000000000000000
test_0086_2,00000000000000000
test_0086_3,00000000000000000
test_0086_4,00000000000000000
test_0086_5,00000000000000000
test_0086_6,00000000000000000
test_0086_7,00000000000000000
test_0086_8,00000000000000000
test_0086_9,00000000000000000
test_0086_10,00000000000000000
test_0086_11,00000000000000000
test_0086_12,00000000000000000
test_0086_13,00000000000000000
test_0086_14,00000000000000000
test_0086_15,00000000000000000
test_0086_16,00000000000000000
test_0086_17,00000000000000000
test_0086_18,00000000000000000
test_0086_19,00000000000000000
test_0086_20,00000000000000000
test_0086_21,00000000000000000
test_0086_22,00000000000000000
test_0086_23,00000000000000000
test_0086_24,00000000000000000
test_0086_25,00000000000000000
test_0086_26,00000000000000000
test_0086_27,00000000000000000
test_0086_28,00000000000000000
test_0086_29,00000000000000000
test_0086_30,00000000000000000
test_0087_1,0000000000000000
test_0087_2,0000000000000000
test_0087_3,0000000000000000
test_0087_4,0000000000000000
test_0087_5,0000000000000000
test_0087_6,0000000000000000
test_0087_7,0000000000000000
test_0087_8,0000000000000000
test_0087_9,0000000000000000
test_0087_10,0000000000000000
test_0087_11,0000000000000000
test_0087_12,0000000000000000
test_0087_13,0000000000000000
test_0087_14,0000000000000000
test_0087_15,0000000000000000
test_0087_16,0000000000000000
test_0088_1,000000000000
test_0088_2,000000000000
test_0088_3,000000000000
test_0088_4,000000000000
test_0088_5,000000000000
test_0088_6,000000000000
test_0088_7,000000000000
test_0088_8,000000000000
test_0088_9,000000000000
test_0088_10,000000000000
test_0088_11,000000000000
test_0088_12,000000000000
test_0089_1,000
test_0089_2,000
test_0089_3,000
test_0090_1,0000000000000000000000000000
test_0090_2,0000000000000000000000000000
test_0090_3,0000000000000000000000000000
test_0090_4,0000000000000000000000000000
test_0090_5,0000000000000000000000000000
test_0090_6,0000000000000000000000000000
test_0090_7,0000000000000000000000000000
test_0090_8,0000000000000000000000000000
test_0090_9,0000000000000000000000000000
test_0090_10,0000000000000000000000000000
test_0090_11,0000000000000000000000000000
test_0090_12,0000000000000000000000000000
test_0090_13,0000000000000000000000000000
test_0090_14,0000000000000000000000000000
test_0090_15,0000000000000000000000000000
test_0090_16,0000000000000000000000000000
test_0090_17,0000000000000000000000000000
test_0090_18,0000000000000000000000000000
test_0090_19,0000000000000000000000000000
test_0090_20,0000000000000000000000000000
test_0090_21,0000000000000000000000000000
test_0090_22,0000000000000000000000000000
test_0090_23,0000000000000000000000000000
test_0091_1,0000000000000000000000
test_0091_2,0000000000000000000000
test_0091_3,0000000000000000000000
test_0091_4,0000000000000000000000
test_0091_5,0000000000000000000000
test_0091_6,0000000000000000000000
test_0091_7,0000000000000000000000
test_0091_8,0000000000000000000000
test_0091_9,0000000000000000000000
test_0091_10,0000000000000000000000
test_0091_11,0000000000000000000000
test_0091_12,0000000000000000000000
test_0091_13,0000000000000000000000
test_0091_14,0000000000000000000000
test_0091_15,0000000000000000000000
test_0091_16,0000000000000000000000
test_0091_17,0000000000000000000000
test_0091_18,0000000000000000000000
test_0091_19,0000000000000000000000
test_0092_1,00000000000000
test_0092_2,00000000000000
test_0092_3,00000000000000
test_0092_4,00000000000000
test_0092_5,00000000000000
test_0092_6,00000000000000
test_0092_7,00000000000000
test_0092_8,00000000000000
test_0092_9,00000000000000
test_0092_10,00000000000000
test_0092_11,00000000000000
test_0092_12,00000000000000
test_0092_13,00000000000000
test_0092_14,00000000000000
test_0093_1,000000
test_0093_2,000000
test_0093_3,000000
test_0093_4,000000
test_0093_5,000000
test_0093_6,000000
test_0093_7,000000
test_0093_8,000000
test_0093_9,000000
test_0093_10,000000
test_0093_11,000000
test_0093_12,000000
test_0094_1,00000000000000000
test_0094_2,00000000000000000
test_0094_3,00000000000000000
test_0094_4,00000000000000000
test_0094_5,00000000000000000
test_0094_6,00000000000000000
test_0094_7,00000000000000000
test_0094_8,00000000000000000
test_0094_9,00000000000000000
test_0094_10,00000000000000000
test_0094_11,00000000000000000
test_0094_12,00000000000000000
test_0094_13,00000000000000000
test_0094_14,00000000000000000
test_0094_15,00000000000000000
test_0094_16,00000000000000000
test_0094_17,00000000000000000
test_0094_18,00000000000000000
test_0095_1,0000000
test_0095_2,0000000
test_0095_3,0000000
test_0095_4,0000000
test_0095_5,0000000
test_0095_6,0000000
test_0095_7,0000000
test_0095_8,0000000
test_0095_9,0000000
test_0095_10,0000000
test_0095_11,0000000
test_0096_1,00000000000000000
test_0096_2,00000000000000000
test_0096_3,00000000000000000
test_0096_4,00000000000000000
test_0096_5,00000000000000000
test_0096_6,00000000000000000
test_0096_7,00000000000000000
test_0096_8,00000000000000000
test_0096_9,00000000000000000
test_0096_10,00000000000000000
test_0096_11,00000000000000000
test_0096_12,00000000000000000
test_0096_13,00000000000000000
test_0096_14,00000000000000000
test_0096_15,00000000000000000
test_0096_16,00000000000000000
test_0096_17,00000000000000000
test_0097_1,0000000000000000
test_0097_2,0000000000000000
test_0097_3,0000000000000000
test_0097_4,0000000000000000
test_0097_5,0000000000000000
test_0097_6,0000000000000000
test_0097_7,0000000000000000
test_0097_8,0000000000000000
test_0097_9,0000000000000000
test_0097_10,0000000000000000
test_0097_11,0000000000000000
test_0097_12,0000000000000000
test_0097_13,0000000000000000
test_0097_14,0000000000000000
test_0097_15,0000000000000000
test_0097_16,0000000000000000
test_0098_1,000000000000000000000000000000
test_0098_2,000000000000000000000000000000
test_0098_3,000000000000000000000000000000
test_0098_4,000000000000000000000000000000
test_0098_5,000000000000000000000000000000
test_0098_6,000000000000000000000000000000
test_0098_7,000000000000000000000000000000
test_0098_8,000000000000000000000000000000
test_0098_9,000000000000000000000000000000
test_0098_10,000000000000000000000000000000
test_0098_11,000000000000000000000000000000
test_0098_12,000000000000000000000000000000
test_0098_13,000000000000000000000000000000
test_0098_14,000000000000000000000000000000
test_0098_15,000000000000000000000000000000
test_0098_16,000000000000000000000000000000
test_0098_17,000000000000000000000000000000
test_0098_18,000000000000000000000000000000
test_0098_19,000000000000000000000000000000
test_0098_20,000000000000000000000000000000
test_0098_21,000000000000000000000000000000
test_0098_22,000000000000000000000000000000
test_0098_23,000000000000000000000000000000
test_0098_24,000000000000000000000000000000
test_0098_25,000000000000000000000000000000
test_0098_26,000000000000000000000000000000
test_0098_27,000000000000000000000000000000
test_0098_28,000000000000000000000000000000
test_0098_29,000000000000000000000000000000
test_0098_30,000000000000000000000000000000
test_0099_1,0000
test_0099_2,0000
test_0099_3,0000
test_0099_4,0000
test_0100_1,0000000000000000000000
test_0100_2,0000000000000000000000
test_0100_3,0000000000000000000000
test_0100_4,0000000000000000000000
test_0100_5,0000000000000000000000
test_0100_6,0000000000000000000000
test_0100_7,0000000000000000000000
test_0100_8,0000000000000000000000
test_0100_9,0000000000000000000000
test_0100_10,0000000000000000000000
test_0100_11,0000000000000000000000
test_0100_12,0000000000000000000000
test_0100_13,0000000000000000000000
test_0100_14,0000000000000000000000
test_0100_15,0000000000000000000000
test_0100_16,0000000000000000000000
test_0100_17,0000000000000000000000
test_0100_18,0000000000000000000000
test_0100_19,0000000000000000000000
test_0100_20,0000000000000000000000
test_0100_21,0000000000000000000000
test_0100_22,0000000000000000000000
test_0100_23,0000000000000000000000
test_0100_24,0000000000000000000000
test_0100_25,0000000000000000000000
test_0100_26,0000000000000000000000
test_0101_1,0000000000000000
test_0101_2,0000000000000000
test_0101_3,0000000000000000
test_0101_4,0000000000000000
test_0101_5,0000000000000000
test_0101_6,0000000000000000
test_0101_7,0000000000000000
test_0101_8,0000000000000000
test_0101_9,0000000000000000
test_0101_10,0000000000000000
test_0101_11,0000000000000000
test_0101_12,0000000000000000
test_0101_13,0000000000000000
test_0101_14,0000000000000000
test_0101_15,0000000000000000
test_0101_16,0000000000000000
test_0102_1,00000000000000000
test_0102_2,00000000000000000
test_0102_3,00000000000000000
test_0102_4,00000000000000000
test_0102_5,00000000000000000
test_0103_1,0000
test_0103_2,0000
test_0103_3,0000
test_0103_4,0000
test_0104_1,0000000000000000000000
test_0104_2,0000000000000000000000
test_0104_3,0000000000000000000000
test_0104_4,0000000000000000000000
test_0104_5,0000000000000000000000
test_0104_6,0000000000000000000000
test_0104_7,0000000000000000000000
test_0104_8,0000000000000000000000
test_0104_9,0000000000000000000000
test_0104_10,0000000000000000000000
test_0104_11,0000000000000000000000
test_0104_12,0000000000000000000000
test_0104_13,0000000000000000000000
test_0104_14,0000000000000000000000
test_0104_15,0000000000000000000000
test_0104_16,0000000000000000000000
test_0104_17,0000000000000000000000
test_0104_18,0000000000000000000000
test_0104_19,0000000000000000000000
test_0105_1,0000000000000000
test_0105_2,0000000000000000
test_0105_3,0000000000000000
test_0105_4,0000000000000000
test_0105_5,0000000000000000
test_0105_6,0000000000000000
test_0105_7,0000000000000000
test_0105_8,0000000000000000
test_0105_9,0000000000000000
test_0105_10,0000000000000000
test_0105_11,0000000000000000
test_0105_12,0000000000000000
test_0105_13,0000000000000000
test_0106_1,00000000000
test_0106_2,00000000000
test_0106_3,00000000000
test_0107_1,000000000
test_0107_2,000000000
test_0107_3,000000000
test_0107_4,000000000
test_0107_5,000000000
test_0107_6,000000000
test_0107_7,000000000
test_0107_8,000000000
test_0107_9,000000000
test_0108_1,0000000000000000
test_0108_2,0000000000000000
test_0108_3,0000000000000000
test_0108_4,0000000000000000
test_0108_5,0000000000000000
test_0108_6,0000000000000000
test_0108_7,0000000000000000
test_0108_8,0000000000000000
test_0108_9,0000000000000000
test_0108_10,0000000000000000
test_0108_11,0000000000000000
test_0108_12,0000000000000000
test_0108_13,0000000000000000
test_0108_14,0000000000000000
test_0109_1,0000000000000000000000000
test_0109_2,0000000000000000000000000
test_0109_3,0000000000000000000000000
test_0109_4,0000000000000000000000000
test_0109_5,0000000000000000000000000
test_0109_6,0000000000000000000000000
test_0109_7,0000000000000000000000000
test_0109_8,0000000000000000000000000
test_0109_9,0000000000000000000000000
test_0109_10,0000000000000000000000000
test_0109_11,0000000000000000000000000
test_0109_12,0000000000000000000000000
test_0109_13,0000000000000000000000000
test_0109_14,0000000000000000000000000
test_0109_15,0000000000000000000000000
test_0109_16,0000000000000000000000000
test_0109_17,0000000000000000000000000
test_0109_18,0000000000000000000000000
test_0109_19,0000000000000000000000000
test_0109_20,0000000000000000000000000
test_0109_21,0000000000000000000000000
test_0109_22,0000000000000000000000000
test_0109_23,0000000000000000000000000
test_0109_24,0000000000000000000000000
test_0109_25,0000000000000000000000000
test_0110_1,0000000000
test_0110_2,0000000000
test_0110_3,0000000000
test_0110_4,0000000000
test_0110_5,0000000000
test_0110_6,0000000000
test_0110_7,0000000000
test_0110_8,0000000000
test_0110_9,0000000000
test_0110_10,0000000000
test_0111_1,00000000000
test_0111_2,00000000000
test_0111_3,00000000000
test_0111_4,00000000000
test_0111_5,00000000000
test_0111_6,00000000000
test_0111_7,00000000000
test_0111_8,00000000000
test_0111_9,00000000000
test_0111_10,00000000000
test_0111_11,00000000000
test_0112_1,00000000000000000000000000000
test_0112_2,00000000000000000000000000000
test_0112_3,00000000000000000000000000000
test_0112_4,00000000000000000000000000000
test_0112_5,00000000000000000000000000000
test_0112_6,00000000000000000000000000000
test_0112_7,00000000000000000000000000000
test_0112_8,00000000000000000000000000000
test_0112_9,00000000000000000000000000000
test_0112_10,00000000000000000000000000000
test_0112_11,00000000000000000000000000000
test_0112_12,00000000000000000000000000000
test_0112_13,00000000000000000000000000000
test_0112_14,00000000000000000000000000000
test_0112_15,00000000000000000000000000000
test_0112_16,00000000000000000000000000000
test_0112_17,00000000000000000000000000000
test_0112_18,00000000000000000000000000000
test_0112_19,00000000000000000000000000000
test_0112_20,00000000000000000000000000000
test_0112_21,00000000000000000000000000000
test_0112_22,00000000000000000000000000000
test_0112_23,00000000000000000000000000000
test_0112_24,00000000000000000000000000000
test_0112_25,00000000000000000000000000000
test_0112_26,00000000000000000000000000000
test_0112_27,00000000000000000000000000000
test_0112_28,00000000000000000000000000000
test_0113_1,0000
test_0113_2,0000
test_0113_3,0000
test_0113_4,0000
test_0113_5,0000
test_0113_6,0000
test_0114_1,000000000000000000000000
test_0114_2,000000000000000000000000
test_0114_3,000000000000000000000000
test_0114_4,000000000000000000000000
test_0114_5,000000000000000000000000
test_0114_6,000000000000000000000000
test_0114_7,000000000000000000000000
test_0114_8,000000000000000000000000
test_0114_9,000000000000000000000000
test_0114_10,000000000000000000000000
test_0114_11,000000000000000000000000
test_0114_12,000000000000000000000000
test_0114_13,000000000000000000000000
test_0114_14,000000000000000000000000
test_0114_15,000000000000000000000000
test_0114_16,000000000000000000000000
test_0114_17,000000000000000000000000
test_0114_18,000000000000000000000000
test_0114_19,000000000000000000000000
test_0114_20,000000000000000000000000
test_0114_21,000000000000000000000000
test_0114_22,000000000000000000000000
test_0114_23,000000000000000000000000
test_0114_24,000000000000000000000000
test_0115_1,00000000000000000000000000000
test_0115_2,00000000000000000000000000000
test_0115_3,00000000000000000000000000000
test_0115_4,00000000000000000000000000000
test_0115_5,00000000000000000000000000000
test_0115_6,00000000000000000000000000000
test_0115_7,00000000000000000000000000000
test_0115_8,00000000000000000000000000000
test_0115_9,00000000000000000000000000000
test_0115_10,00000000000000000000000000000
test_0115_11,00000000000000000000000000000
test_0115_12,00000000000000000000000000000
test_0115_13,00000000000000000000000000000
test_0115_14,00000000000000000000000000000
test_0115_15,00000000000000000000000000000
test_0115_16,00000000000000000000000000000
test_0115_17,00000000000000000000000000000
test_0115_18,00000000000000000000000000000
test_0115_19,00000000000000000000000000000
test_0115_20,00000000000000000000000000000
test_0115_21,00000000000000000000000000000
test_0115_22,00000000000000000000000000000
test_0115_23,00000000000000000000000000000
test_0115_24,00000000000000000000000000000
test_0115_25,00000000000000000000000000000
test_0115_26,00000000000000000000000000000
test_0115_27,00000000000000000000000000000
test_0115_28,00000000000000000000000000000
test_0115_29,00000000000000000000000000000
test_0115_30,00000000000000000000000000000
test_0116_1,000000000000000000000000000000
test_0116_2,000000000000000000000000000000
test_0116_3,000000000000000000000000000000
test_0116_4,000000000000000000000000000000
test_0116_5,000000000000000000000000000000
test_0116_6,000000000000000000000000000000
test_0116_7,000000000000000000000000000000
test_0116_8,000000000000000000000000000000
test_0116_9,000000000000000000000000000000
test_0116_10,000000000000000000000000000000
test_0116_11,000000000000000000000000000000
test_0116_12,000000000000000000000000000000
test_0116_13,000000000000000000000000000000
test_0116_14,000000000000000000000000000000
test_0116_15,000000000000000000000000000000
test_0116_16,000000000000000000000000000000
test_0116_17,000000000000000000000000000000
test_0116_18,000000000000000000000000000000
test_0116_19,000000000000000000000000000000
test_0116_20,000000000000000000000000000000
test_0116_21,000000000000000000000000000000
test_0116_22,000000000000000000000000000000
test_0116_23,000000000000000000000000000000
test_0116_24,000000000000000000000000000000
test_0116_25,000000000000000000000000000000
test_0116_26,000000000000000000000000000000
test_0116_27,000000000000000000000000000000
test_0116_28,000000000000000000000000000000
test_0116_29,000000000000000000000000000000
test_0117_1,000000000000000000000
test_0117_2,000000000000000000000
test_0117_3,000000000000000000000
test_0117_4,000000000000000000000
test_0117_5,000000000000000000000
test_0117_6,000000000000000000000
test_0117_7,000000000000000000000
test_0117_8,000000000000000000000
test_0117_9,000000000000000000000
test_0117_10,000000000000000000000
test_0117_11,000000000000000000000
test_0117_12,000000000000000000000
test_0117_13,000000000000000000000
test_0117_14,000000000000000000000
test_0117_15,000000000000000000000
test_0117_16,000000000000000000000
test_0117_17,000000000000000000000
test_0117_18,000000000000000000000
test_0117_19,000000000000000000000
test_0117_20,000000000000000000000
test_0117_21,000000000000000000000
test_0117_22,000000000000000000000
test_0117_23,000000000000000000000
test_0118_1,000000000000000000000000000000
test_0118_2,000000000000000000000000000000
test_0118_3,000000000000000000000000000000
test_0118_4,000000000000000000000000000000
test_0118_5,000000000000000000000000000000
test_0118_6,000000000000000000000000000000
test_0118_7,000000000000000000000000000000
test_0118_8,000000000000000000000000000000
test_0118_9,000000000000000000000000000000
test_0118_10,000000000000000000000000000000
test_0118_11,000000000000000000000000000000
test_0118_12,000000000000000000000000000000
test_0118_13,000000000000000000000000000000
test_0118_14,000000000000000000000000000000
test_0118_15,000000000000000000000000000000
test_0118_16,000000000000000000000000000000
test_0118_17,000000000000000000000000000000
test_0118_18,000000000000000000000000000000
test_0118_19,000000000000000000000000000000
test_0118_20,000000000000000000000000000000
test_0118_21,000000000000000000000000000000
test_0118_22,000000000000000000000000000000
test_0118_23,000000000000000000000000000000
test_0118_24,000000000000000000000000000000
test_0118_25,000000000000000000000000000000
test_0118_26,000000000000000000000000000000
test_0118_27,000000000000000000000000000000
test_0118_28,000000000000000000000000000000
test_0118_29,000000000000000000000000000000
test_0118_30,000000000000000000000000000000
test_0119_1,0000000000
test_0119_2,0000000000
test_0119_3,0000000000
test_0119_4,0000000000
test_0119_5,0000000000
test_0119_6,0000000000
test_0119_7,0000000000
test_0119_8,0000000000
test_0119_9,0000000000
test_0119_10,0000000000
test_0120_1,00000000000000
test_0120_2,00000000000000
test_0120_3,00000000000000
test_0120_4,00000000000000
test_0120_5,00000000000000
test_0120_6,00000000000000
test_0120_7,00000000000000
test_0120_8,00000000000000
test_0120_9,00000000000000
test_0120_10,00000000000000
test_0120_11,00000000000000
test_0120_12,00000000000000
test_0120_13,00000000000000
test_0120_14,00000000000000
test_0121_1,0000000000
test_0121_2,0000000000
test_0121_3,0000000000
test_0121_4,0000000000
test_0121_5,0000000000
test_0121_6,0000000000
test_0121_7,0000000000
test_0121_8,0000000000
test_0121_9,0000000000
test_0121_10,0000000000
test_0122_1,000000000000000000000
test_0122_2,000000000000000000000
test_0122_3,000000000000000000000
test_0122_4,000000000000000000000
test_0122_5,000000000000000000000
test_0122_6,000000000000000000000
test_0122_7,000000000000000000000
test_0122_8,000000000000000000000
test_0122_9,000000000000000000000
test_0122_10,000000000000000000000
test_0122_11,000000000000000000000
test_0122_12,000000000000000000000
test_0122_13,000000000000000000000
test_0122_14,000000000000000000000
test_0122_15,000000000000000000000
test_0122_16,000000000000000000000
test_0122_17,000000000000000000000
test_0122_18,000000000000000000000
test_0122_19,000000000000000000000
test_0122_20,000000000000000000000
test_0122_21,000000000000000000000
test_0123_1,00000000000000000
test_0123_2,00000000000000000
test_0123_3,00000000000000000
test_0123_4,00000000000000000
test_0123_5,00000000000000000
test_0123_6,00000000000000000
test_0123_7,00000000000000000
test_0123_8,00000000000000000
test_0123_9,00000000000000000
test_0123_10,00000000000000000
test_0123_11,00000000000000000
test_0123_12,00000000000000000
test_0123_13,00000000000000000
test_0123_14,00000000000000000
test_0123_15,00000000000000000
test_0124_1,000000000000
test_0124_2,000000000000
test_0124_3,000000000000
test_0124_4,000000000000
test_0124_5,000000000000
test_0124_6,000000000000
test_0124_7,000000000000
test_0124_8,000000000000
test_0124_9,000000000000
test_0124_10,000000000000
test_0124_11,000000000000
test_0124_12,000000000000
test_0124_13,000000000000
test_0125_1,000
test_0125_2,000
test_0125_3,000
test_0126_1,000000000000000000000000000000
test_0126_2,000000000000000000000000000000
test_0126_3,000000000000000000000000000000
test_0126_4,000000000000000000000000000000
test_0126_5,000000000000000000000000000000
test_0126_6,000000000000000000000000000000
test_0126_7,000000000000000000000000000000
test_0126_8,000000000000000000000000000000
test_0126_9,000000000000000000000000000000
test_0126_10,000000000000000000000000000000
test_0126_11,000000000000000000000000000000
test_0126_12,000000000000000000000000000000
test_0126_13,000000000000000000000000000000
test_0126_14,000000000000000000000000000000
test_0126_15,000000000000000000000000000000
test_0126_16,000000000000000000000000000000
test_0126_17,000000000000000000000000000000
test_0126_18,000000000000000000000000000000
test_0126_19,000000000000000000000000000000
test_0126_20,000000000000000000000000000000
test_0126_21,000000000000000000000000000000
test_0126_22,000000000000000000000000000000
test_0126_23,000000000000000000000000000000
test_0126_24,000000000000000000000000000000
test_0126_25,000000000000000000000000000000
test_0126_26,000000000000000000000000000000
test_0126_27,000000000000000000000000000000
test_0126_28,000000000000000000000000000000
test_0126_29,000000000000000000000000000000
test_0126_30,000000000000000000000000000000
test_0127_1,000000000000000000000000000000
test_0127_2,000000000000000000000000000000
test_0127_3,000000000000000000000000000000
test_0127_4,000000000000000000000000000000
test_0127_5,000000000000000000000000000000
test_0127_6,000000000000000000000000000000
test_0127_7,000000000000000000000000000000
test_0127_8,000000000000000000000000000000
test_0127_9,000000000000000000000000000000
test_0127_10,000000000000000000000000000000
test_0127_11,000000000000000000000000000000
test_0127_12,000000000000000000000000000000
test_0127_13,000000000000000000000000000000
test_0127_14,000000000000000000000000000000
test_0127_15,000000000000000000000000000000
test_0127_16,000000000000000000000000000000
test_0127_17,000000000000000000000000000000
test_0127_18,000000000000000000000000000000
test_0127_19,000000000000000000000000000000
test_0127_20,000000000000000000000000000000
test_0127_21,000000000000000000000000000000
test_0127_22,000000000000000000000000000000
test_0127_23,000000000000000000000000000000
test_0127_24,000000000000000000000000000000
test_0127_25,000000000000000000000000000000
test_0127_26,000000000000000000000000000000
test_0127_27,000000000000000000000000000000
test_0127_28,000000000000000000000000000000
test_0127_29,000000000000000000000000000000
test_0127_30,000000000000000000000000000000
test_0128_1,000
test_0128_2,000
test_0128_3,000
test_0129_1,00000000000000000
test_0129_2,00000000000000000
test_0129_3,00000000000000000
test_0129_4,00000000000000000
test_0129_5,00000000000000000
test_0129_6,00000000000000000
test_0129_7,00000000000000000
test_0129_8,00000000000000000
test_0129_9,00000000000000000
test_0129_10,00000000000000000
test_0129_11,00000000000000000
test_0130_1,000000000000000000000000000
test_0130_2,000000000000000000000000000
test_0130_3,000000000000000000000000000
test_0130_4,000000000000000000000000000
test_0130_5,000000000000000000000000000
test_0130_6,000000000000000000000000000
test_0130_7,000000000000000000000000000
test_0130_8,000000000000000000000000000
test_0130_9,000000000000000000000000000
test_0130_10,000000000000000000000000000
test_0130_11,000000000000000000000000000
test_0130_12,000000000000000000000000000
test_0130_13,000000000000000000000000000
test_0130_14,000000000000000000000000000
test_0130_15,000000000000000000000000000
test_0130_16,000000000000000000000000000
test_0130_17,000000000000000000000000000
test_0130_18,000000000000000000000000000
test_0130_19,000000000000000000000000000
test_0130_20,000000000000000000000000000
test_0130_21,000000000000000000000000000
test_0130_22,000000000000000000000000000
test_0130_23,000000000000000000000000000
test_0130_24,000000000000000000000000000
test_0130_25,000000000000000000000000000
test_0130_26,000000000000000000000000000
test_0130_27,000000000000000000000000000
test_0131_1,000000000000000
test_0131_2,000000000000000
test_0131_3,000000000000000
test_0131_4,000000000000000
test_0131_5,000000000000000
test_0131_6,000000000000000
test_0131_7,000000000000000
test_0131_8,000000000000000
test_0131_9,000000000000000
test_0131_10,000000000000000
test_0131_11,000000000000000
test_0131_12,000000000000000
test_0131_13,000000000000000
test_0131_14,000000000000000
test_0132_1,000000000000000000000000000000
test_0132_2,000000000000000000000000000000
test_0132_3,000000000000000000000000000000
test_0132_4,000000000000000000000000000000
test_0132_5,000000000000000000000000000000
test_0132_6,000000000000000000000000000000
test_0132_7,000000000000000000000000000000
test_0132_8,000000000000000000000000000000
test_0132_9,000000000000000000000000000000
test_0132_10,000000000000000000000000000000
test_0132_11,000000000000000000000000000000
test_0132_12,000000000000000000000000000000
test_0132_13,000000000000000000000000000000
test_0132_14,000000000000000000000000000000
test_0132_15,000000000000000000000000000000
test_0132_16,000000000000000000000000000000
test_0132_17,000000000000000000000000000000
test_0132_18,000000000000000000000000000000
test_0132_19,000000000000000000000000000000
test_0132_20,000000000000000000000000000000
test_0132_21,000000000000000000000000000000
test_0132_22,000000000000000000000000000000
test_0132_23,000000000000000000000000000000
test_0132_24,000000000000000000000000000000
test_0132_25,000000000000000000000000000000
test_0132_26,000000000000000000000000000000
test_0132_27,000000000000000000000000000000
test_0132_28,000000000000000000000000000000
test_0132_29,000000000000000000000000000000
test_0132_30,000000000000000000000000000000
test_0133_1,0000000000
test_0133_2,0000000000
test_0133_3,0000000000
test_0133_4,0000000000
test_0133_5,0000000000
test_0133_6,0000000000
test_0133_7,0000000000
test_0133_8,0000000000
test_0133_9,0000000000
test_0133_10,0000000000
test_0134_1,00000000000000000
test_0134_2,00000000000000000
test_0134_3,00000000000000000
test_0134_4,00000000000000000
test_0134_5,00000000000000000
test_0134_6,00000000000000000
test_0134_7,00000000000000000
test_0134_8,00000000000000000
test_0134_9,00000000000000000
test_0134_10,00000000000000000
test_0134_11,00000000000000000
test_0134_12,00000000000000000
test_0134_13,00000000000000000
test_0134_14,00000000000000000
test_0135_1,000000000000000000
test_0135_2,000000000000000000
test_0135_3,000000000000000000
test_0135_4,000000000000000000
test_0135_5,000000000000000000
test_0135_6,000000000000000000
test_0135_7,000000000000000000
test_0135_8,000000000000000000
test_0135_9,000000000000000000
test_0135_10,000000000000000000
test_0135_11,000000000000000000
test_0135_12,000000000000000000
test_0135_13,000000000000000000
test_0135_14,000000000000000000
test_0135_15,000000000000000000
test_0135_16,000000000000000000
test_0136_1,0000000000000000000000000
test_0136_2,0000000000000000000000000
test_0136_3,0000000000000000000000000
test_0136_4,0000000000000000000000000
test_0136_5,0000000000000000000000000
test_0136_6,0000000000000000000000000
test_0136_7,0000000000000000000000000
test_0136_8,0000000000000000000000000
test_0136_9,0000000000000000000000000
test_0136_10,0000000000000000000000000
test_0136_11,0000000000000000000000000
test_0136_12,0000000000000000000000000
test_0136_13,0000000000000000000000000
test_0136_14,0000000000000000000000000
test_0136_15,0000000000000000000000000
test_0136_16,0000000000000000000000000
test_0136_17,0000000000000000000000000
test_0136_18,0000000000000000000000000
test_0136_19,0000000000000000000000000
test_0136_20,0000000000000000000000000
test_0136_21,0000000000000000000000000
test_0136_22,0000000000000000000000000
test_0137_1,000000000000000000000000000
test_0137_2,000000000000000000000000000
test_0137_3,000000000000000000000000000
test_0137_4,000000000000000000000000000
test_0137_5,000000000000000000000000000
test_0137_6,000000000000000000000000000
test_0137_7,000000000000000000000000000
test_0137_8,000000000000000000000000000
test_0137_9,000000000000000000000000000
test_0137_10,000000000000000000000000000
test_0137_11,000000000000000000000000000
test_0137_12,000000000000000000000000000
test_0137_13,000000000000000000000000000
test_0137_14,000000000000000000000000000
test_0137_15,000000000000000000000000000
test_0137_16,000000000000000000000000000
test_0137_17,000000000000000000000000000
test_0137_18,000000000000000000000000000
test_0137_19,000000000000000000000000000
test_0137_20,000000000000000000000000000
test_0137_21,000000000000000000000000000
test_0137_22,000000000000000000000000000
test_0137_23,000000000000000000000000000
test_0137_24,000000000000000000000000000
test_0137_25,000000000000000000000000000
test_0137_26,000000000000000000000000000
test_0137_27,000000000000000000000000000
test_0138_1,000
test_0138_2,000
test_0138_3,000
test_0139_1,00000000000000000000000000000
test_0139_2,00000000000000000000000000000
test_0139_3,00000000000000000000000000000
test_0139_4,00000000000000000000000000000
test_0139_5,00000000000000000000000000000
test_0139_6,00000000000000000000000000000
test_0139_7,00000000000000000000000000000
test_0139_8,00000000000000000000000000000
test_0139_9,00000000000000000000000000000
test_0139_10,00000000000000000000000000000
test_0139_11,00000000000000000000000000000
test_0139_12,00000000000000000000000000000
test_0139_13,00000000000000000000000000000
test_0139_14,00000000000000000000000000000
test_0139_15,00000000000000000000000000000
test_0139_16,00000000000000000000000000000
test_0139_17,00000000000000000000000000000
test_0139_18,00000000000000000000000000000
test_0139_19,00000000000000000000000000000
test_0139_20,00000000000000000000000000000
test_0139_21,00000000000000000000000000000
test_0139_22,00000000000000000000000000000
test_0139_23,00000000000000000000000000000
test_0139_24,00000000000000000000000000000
test_0139_25,00000000000000000000000000000
test_0139_26,00000000000000000000000000000
test_0139_27,00000000000000000000000000000
test_0139_28,00000000000000000000000000000
test_0139_29,00000000000000000000000000000
test_0140_1,000000000000
test_0140_2,000000000000
test_0140_3,000000000000
test_0140_4,000000000000
test_0140_5,000000000000
test_0140_6,000000000000
test_0140_7,000000000000
test_0140_8,000000000000
test_0140_9,000000000000
test_0140_10,000000000000
test_0141_1,000000000000000000000000
test_0141_2,000000000000000000000000
test_0141_3,000000000000000000000000
test_0141_4,000000000000000000000000
test_0142_1,000000000
test_0142_2,000000000
test_0142_3,000000000
test_0142_4,000000000
test_0142_5,000000000
test_0142_6,000000000
test_0142_7,000000000
test_0142_8,000000000
test_0142_9,000000000
test_0143_1,00000000000000
test_0143_2,00000000000000
test_0143_3,00000000000000
test_0143_4,00000000000000
test_0144_1,00000000000000000000000000
test_0144_2,00000000000000000000000000
test_0144_3,00000000000000000000000000
test_0144_4,00000000000000000000000000
test_0144_5,00000000000000000000000000
test_0144_6,00000000000000000000000000
test_0144_7,00000000000000000000000000
test_0144_8,00000000000000000000000000
test_0144_9,00000000000000000000000000
test_0144_10,00000000000000000000000000
test_0144_11,00000000000000000000000000
test_0144_12,00000000000000000000000000
test_0144_13,00000000000000000000000000
test_0144_14,00000000000000000000000000
test_0144_15,00000000000000000000000000
test_0144_16,00000000000000000000000000
test_0144_17,00000000000000000000000000
test_0144_18,00000000000000000000000000
test_0144_19,00000000000000000000000000
test_0144_20,00000000000000000000000000
test_0144_21,00000000000000000000000000
test_0144_22,00000000000000000000000000
test_0144_23,00000000000000000000000000
test_0144_24,00000000000000000000000000
test_0144_25,00000000000000000000000000
test_0144_26,00000000000000000000000000
test_0145_1,0000000000
test_0145_2,0000000000
test_0145_3,0000000000
test_0145_4,0000000000
test_0145_5,0000000000
test_0145_6,0000000000
test_0145_7,0000000000
test_0145_8,0000000000
test_0145_9,0000000000
test_0145_10,0000000000
test_0146_1,0000000000000000000000
test_0146_2,0000000000000000000000
test_0146_3,0000000000000000000000
test_0146_4,0000000000000000000000
test_0146_5,0000000000000000000000
test_0146_6,0000000000000000000000
test_0146_7,0000000000000000000000
test_0146_8,0000000000000000000000
test_0146_9,0000000000000000000000
test_0146_10,0000000000000000000000
test_0146_11,0000000000000000000000
test_0146_12,0000000000000000000000
test_0146_13,0000000000000000000000
test_0146_14,0000000000000000000000
test_0146_15,0000000000000000000000
test_0146_16,0000000000000000000000
test_0146_17,0000000000000000000000
test_0146_18,0000000000000000000000
test_0146_19,0000000000000000000000
test_0146_20,0000000000000000000000
test_0146_21,0000000000000000000000
test_0146_22,0000000000000000000000
test_0147_1,0000000000000000000
test_0147_2,0000000000000000000
test_0147_3,0000000000000000000
test_0147_4,0000000000000000000
test_0147_5,0000000000000000000
test_0147_6,0000000000000000000
test_0147_7,0000000000000000000
test_0147_8,0000000000000000000
test_0147_9,0000000000000000000
test_0147_10,0000000000000000000
test_0147_11,0000000000000000000
test_0147_12,0000000000000000000
test_0147_13,0000000000000000000
test_0147_14,0000000000000000000
test_0147_15,0000000000000000000
test_0147_16,0000000000000000000
test_0147_17,0000000000000000000
test_0147_18,0000000000000000000
test_0147_19,0000000000000000000
test_0148_1,0000000000000000000000
test_0148_2,0000000000000000000000
test_0148_3,0000000000000000000000
test_0148_4,0000000000000000000000
test_0148_5,0000000000000000000000
test_0148_6,0000000000000000000000
test_0148_7,0000000000000000000000
test_0148_8,0000000000000000000000
test_0148_9,0000000000000000000000
test_0148_10,0000000000000000000000
test_0148_11,0000000000000000000000
test_0148_12,0000000000000000000000
test_0148_13,0000000000000000000000
test_0148_14,0000000000000000000000
test_0148_15,0000000000000000000000
test_0148_16,0000000000000000000000
test_0148_17,0000000000000000000000
test_0148_18,0000000000000000000000
test_0148_19,0000000000000000000000
test_0148_20,0000000000000000000000
test_0148_21,0000000000000000000000
test_0148_22,0000000000000000000000
test_0149_1,000000
test_0149_2,000000
test_0149_3,000000
test_0150_1,0000000000000000
test_0150_2,0000000000000000
test_0150_3,0000000000000000
test_0150_4,0000000000000000
test_0150_5,0000000000000000
test_0150_6,0000000000000000
test_0150_7,0000000000000000
test_0150_8,0000000000000000
test_0150_9,0000000000000000
test_0150_10,0000000000000000
test_0150_11,0000000000000000
test_0150_12,0000000000000000
test_0150_13,0000000000000000
test_0150_14,0000000000000000
test_0150_15,0000000000000000
test_0150_16,0000000000000000
test_0151_1,000000000000000000
test_0151_2,000000000000000000
test_0151_3,000000000000000000
test_0151_4,000000000000000000
test_0151_5,000000000000000000
test_0151_6,000000000000000000
test_0151_7,000000000000000000
test_0151_8,000000000000000000
test_0151_9,000000000000000000
test_0151_10,000000000000000000
test_0151_11,000000000000000000
test_0151_12,000000000000000000
test_0151_13,000000000000000000
test_0151_14,000000000000000000
test_0151_15,000000000000000000
test_0151_16,000000000000000000
test_0151_17,000000000000000000
test_0151_18,000000000000000000
test_0151_19,000000000000000000
test_0152_1,00000000000
test_0152_2,00000000000
test_0152_3,00000000000
test_0152_4,00000000000
test_0152_5,00000000000
test_0152_6,00000000000
test_0152_7,00000000000
test_0152_8,00000000000
test_0152_9,00000000000
test_0153_1,00000000000000
test_0153_2,00000000000000
test_0153_3,00000000000000
test_0153_4,00000000000000
test_0153_5,00000000000000
test_0153_6,00000000000000
test_0153_7,00000000000000
test_0153_8,00000000000000
test_0153_9,00000000000000
test_0153_10,00000000000000
test_0153_11,00000000000000
test_0153_12,00000000000000
test_0154_1,000000000
test_0154_2,000000000
test_0154_3,000000000
test_0154_4,000000000
test_0154_5,000000000
test_0154_6,000000000
test_0154_7,000000000
test_0154_8,000000000
test_0154_9,000000000
test_0155_1,0000000000
test_0155_2,0000000000
test_0155_3,0000000000
test_0155_4,0000000000
test_0155_5,0000000000
test_0155_6,0000000000
test_0155_7,0000000000
test_0155_8,0000000000
test_0155_9,0000000000
test_0155_10,0000000000
test_0156_1,0000
test_0156_2,0000
test_0156_3,0000
test_0156_4,0000
test_0157_1,00000000000000000000
test_0157_2,00000000000000000000
test_0157_3,00000000000000000000
test_0157_4,00000000000000000000
test_0157_5,00000000000000000000
test_0157_6,00000000000000000000
test_0157_7,00000000000000000000
test_0157_8,00000000000000000000
test_0157_9,00000000000000000000
test_0157_10,00000000000000000000
test_0157_11,00000000000000000000
test_0157_12,00000000000000000000
test_0157_13,00000000000000000000
test_0157_14,00000000000000000000
test_0157_15,00000000000000000000
test_0157_16,00000000000000000000
test_0157_17,00000000000000000000
test_0157_18,00000000000000000000
test_0157_19,00000000000000000000
test_0157_20,00000000000000000000
test_0158_1,00000
test_0158_2,00000
test_0158_3,00000
test_0158_4,00000
test_0158_5,00000
test_0159_1,0000000000
test_0159_2,0000000000
test_0159_3,0000000000
test_0159_4,0000000000
test_0159_5,0000000000
test_0159_6,0000000000
test_0159_7,0000000000
test_0159_8,0000000000
test_0159_9,0000000000
test_0159_10,0000000000
test_0160_1,00000000000000000000000000000
test_0160_2,00000000000000000000000000000
test_0160_3,00000000000000000000000000000
test_0160_4,00000000000000000000000000000
test_0160_5,00000000000000000000000000000
test_0160_6,00000000000000000000000000000
test_0160_7,00000000000000000000000000000
test_0160_8,00000000000000000000000000000
test_0160_9,00000000000000000000000000000
test_0160_10,00000000000000000000000000000
test_0160_11,00000000000000000000000000000
test_0160_12,00000000000000000000000000000
test_0160_13,00000000000000000000000000000
test_0160_14,00000000000000000000000000000
test_0160_15,00000000000000000000000000000
test_0160_16,00000000000000000000000000000
test_0160_17,00000000000000000000000000000
test_0160_18,00000000000000000000000000000
test_0160_19,00000000000000000000000000000
test_0161_1,0000000000000000000000000000
test_0161_2,0000000000000000000000000000
test_0161_3,0000000000000000000000000000
test_0161_4,0000000000000000000000000000
test_0161_5,0000000000000000000000000000
test_0161_6,0000000000000000000000000000
test_0161_7,0000000000000000000000000000
test_0161_8,0000000000000000000000000000
test_0161_9,0000000000000000000000000000
test_0161_10,0000000000000000000000000000
test_0161_11,0000000000000000000000000000
test_0161_12,0000000000000000000000000000
test_0161_13,0000000000000000000000000000
test_0161_14,0000000000000000000000000000
test_0161_15,0000000000000000000000000000
test_0161_16,0000000000000000000000000000
test_0161_17,0000000000000000000000000000
test_0161_18,0000000000000000000000000000
test_0161_19,0000000000000000000000000000
test_0161_20,0000000000000000000000000000
test_0161_21,0000000000000000000000000000
test_0161_22,0000000000000000000000000000
test_0161_23,0000000000000000000000000000
test_0161_24,0000000000000000000000000000
test_0161_25,0000000000000000000000000000
test_0161_26,0000000000000000000000000000
test_0161_27,0000000000000000000000000000
test_0161_28,0000000000000000000000000000
test_0162_1,000000000000000000000000
test_0162_2,000000000000000000000000
test_0162_3,000000000000000000000000
test_0162_4,000000000000000000000000
test_0162_5,000000000000000000000000
test_0162_6,000000000000000000000000
test_0162_7,000000000000000000000000
test_0162_8,000000000000000000000000
test_0162_9,000000000000000000000000
test_0162_10,000000000000000000000000
test_0162_11,000000000000000000000000
test_0162_12,000000000000000000000000
test_0162_13,000000000000000000000000
test_0162_14,000000000000000000000000
test_0162_15,000000000000000000000000
test_0162_16,000000000000000000000000
test_0162_17,000000000000000000000000
test_0162_18,000000000000000000000000
test_0162_19,000000000000000000000000
test_0162_20,000000000000000000000000
test_0162_21,000000000000000000000000
test_0162_22,000000000000000000000000
test_0162_23,000000000000000000000000
test_0162_24,000000000000000000000000
test_0162_25,000000000000000000000000
test_0162_26,000000000000000000000000
test_0162_27,000000000000000000000000
test_0162_28,000000000000000000000000
test_0162_29,000000000000000000000000
test_0162_30,000000000000000000000000
test_0163_1,00000000000000000000000000000
test_0163_2,00000000000000000000000000000
test_0163_3,00000000000000000000000000000
test_0163_4,00000000000000000000000000000
test_0163_5,00000000000000000000000000000
test_0163_6,00000000000000000000000000000
test_0163_7,00000000000000000000000000000
test_0163_8,00000000000000000000000000000
test_0163_9,00000000000000000000000000000
test_0163_10,00000000000000000000000000000
test_0163_11,00000000000000000000000000000
test_0163_12,00000000000000000000000000000
test_0163_13,00000000000000000000000000000
test_0163_14,00000000000000000000000000000
test_0163_15,00000000000000000000000000000
test_0163_16,00000000000000000000000000000
test_0163_17,00000000000000000000000000000
test_0163_18,00000000000000000000000000000
test_0163_19,00000000000000000000000000000
test_0163_20,00000000000000000000000000000
test_0163_21,00000000000000000000000000000
test_0163_22,00000000000000000000000000000
test_0163_23,00000000000000000000000000000
test_0163_24,00000000000000000000000000000
test_0163_25,00000000000000000000000000000
test_0163_26,00000000000000000000000000000
test_0163_27,00000000000000000000000000000
test_0163_28,00000000000000000000000000000
test_0163_29,00000000000000000000000000000
test_0164_1,0000000000000000000
test_0164_2,0000000000000000000
test_0164_3,0000000000000000000
test_0164_4,0000000000000000000
test_0164_5,0000000000000000000
test_0164_6,0000000000000000000
test_0164_7,0000000000000000000
test_0164_8,0000000000000000000
test_0164_9,0000000000000000000
test_0164_10,0000000000000000000
test_0164_11,0000000000000000000
test_0164_12,0000000000000000000
test_0164_13,0000000000000000000
test_0164_14,0000000000000000000
test_0164_15,0000000000000000000
test_0164_16,0000000000000000000
test_0164_17,0000000000000000000
test_0164_18,0000000000000000000
test_0164_19,0000000000000000000
test_0165_1,000000000
test_0165_2,000000000
test_0165_3,000000000
test_0165_4,000000000
test_0165_5,000000000
test_0165_6,000000000
test_0165_7,000000000
test_0165_8,000000000
test_0165_9,000000000
test_0166_1,00000000000000
test_0166_2,00000000000000
test_0166_3,00000000000000
test_0166_4,00000000000000
test_0166_5,00000000000000
test_0166_6,00000000000000
test_0166_7,00000000000000
test_0166_8,00000000000000
test_0166_9,00000000000000
test_0166_10,00000000000000
test_0166_11,00000000000000
test_0166_12,00000000000000
test_0166_13,00000000000000
test_0166_14,00000000000000
test_0167_1,0000000000000000000000
test_0167_2,0000000000000000000000
test_0167_3,0000000000000000000000
test_0167_4,0000000000000000000000
test_0167_5,0000000000000000000000
test_0167_6,0000000000000000000000
test_0167_7,0000000000000000000000
test_0167_8,0000000000000000000000
test_0167_9,0000000000000000000000
test_0167_10,0000000000000000000000
test_0167_11,0000000000000000000000
test_0167_12,0000000000000000000000
test_0167_13,0000000000000000000000
test_0167_14,0000000000000000000000
test_0167_15,0000000000000000000000
test_0167_16,0000000000000000000000
test_0167_17,0000000000000000000000
test_0167_18,0000000000000000000000
test_0168_1,00000000000
test_0168_2,00000000000
test_0168_3,00000000000
test_0168_4,00000000000
test_0168_5,00000000000
test_0168_6,00000000000
test_0168_7,00000000000
test_0169_1,0000000
test_0169_2,0000000
test_0169_3,0000000
test_0169_4,0000000
test_0169_5,0000000
test_0169_6,0000000
test_0169_7,0000000
test_0170_1,0000
test_0170_2,0000
test_0170_3,0000
test_0170_4,0000
test_0170_5,0000
test_0171_1,00000000000000000
test_0171_2,00000000000000000
test_0171_3,00000000000000000
test_0171_4,00000000000000000
test_0171_5,00000000000000000
test_0171_6,00000000000000000
test_0171_7,00000000000000000
test_0171_8,00000000000000000
test_0171_9,00000000000000000
test_0171_10,00000000000000000
test_0171_11,00000000000000000
test_0171_12,00000000000000000
test_0171_13,00000000000000000
test_0171_14,00000000000000000
test_0171_15,00000000000000000
test_0171_16,00000000000000000
test_0171_17,00000000000000000
test_0172_1,0000000000
test_0172_2,0000000000
test_0172_3,0000000000
test_0172_4,0000000000
test_0172_5,0000000000
test_0172_6,0000000000
test_0172_7,0000000000
test_0172_8,0000000000
test_0172_9,0000000000
test_0172_10,0000000000
test_0173_1,000000
test_0173_2,000000
test_0173_3,000000
test_0173_4,000000
test_0173_5,000000
test_0173_6,000000
test_0174_1,0000000000000000000
test_0174_2,0000000000000000000
test_0174_3,0000000000000000000
test_0174_4,0000000000000000000
test_0174_5,0000000000000000000
test_0174_6,0000000000000000000
test_0174_7,0000000000000000000
test_0174_8,0000000000000000000
test_0174_9,0000000000000000000
test_0174_10,0000000000000000000
test_0174_11,0000000000000000000
test_0175_1,000000000
test_0175_2,000000000
test_0175_3,000000000
test_0175_4,000000000
test_0175_5,000000000
test_0175_6,000000000
test_0175_7,000000000
test_0175_8,000000000
test_0175_9,000000000
test_0176_1,000000000000000
test_0176_2,000000000000000
test_0176_3,000000000000000
test_0176_4,000000000000000
test_0176_5,000000000000000
test_0176_6,000000000000000
test_0176_7,000000000000000
test_0176_8,000000000000000
test_0176_9,000000000000000
test_0176_10,000000000000000
test_0176_11,000000000000000
test_0176_12,000000000000000
test_0176_13,000000000000000
test_0176_14,000000000000000
test_0176_15,000000000000000
test_0177_1,000000000000000000000000
test_0177_2,000000000000000000000000
test_0177_3,000000000000000000000000
test_0177_4,000000000000000000000000
test_0177_5,000000000000000000000000
test_0177_6,000000000000000000000000
test_0177_7,000000000000000000000000
test_0177_8,000000000000000000000000
test_0177_9,000000000000000000000000
test_0177_10,000000000000000000000000
test_0177_11,000000000000000000000000
test_0177_12,000000000000000000000000
test_0177_13,000000000000000000000000
test_0177_14,000000000000000000000000
test_0177_15,000000000000000000000000
test_0177_16,000000000000000000000000
test_0177_17,000000000000000000000000
test_0177_18,000000000000000000000000
test_0177_19,000000000000000000000000
test_0178_1,0000
test_0178_2,0000
test_0178_3,0000
test_0178_4,0000
test_0179_1,0000000000000
test_0179_2,0000000000000
test_0179_3,0000000000000
test_0179_4,0000000000000
test_0179_5,0000000000000
test_0179_6,0000000000000
test_0179_7,0000000000000
test_0179_8,0000000000000
test_0179_9,0000000000000
test_0179_10,0000000000000
test_0179_11,0000000000000
test_0179_12,0000000000000
test_0179_13,0000000000000
test_0180_1,0000000000000000
test_0180_2,0000000000000000
test_0180_3,0000000000000000
test_0180_4,0000000000000000
test_0180_5,0000000000000000
test_0180_6,0000000000000000
test_0180_7,0000000000000000
test_0180_8,0000000000000000
test_0180_9,0000000000000000
test_0180_10,0000000000000000
test_0180_11,0000000000000000
test_0180_12,0000000000000000
test_0180_13,0000000000000000
test_0180_14,0000000000000000
test_0180_15,0000000000000000
test_0180_16,0000000000000000
test_0181_1,00000
test_0181_2,00000
test_0181_3,00000
test_0182_1,00000000000000
test_0182_2,00000000000000
test_0182_3,00000000000000
test_0182_4,00000000000000
test_0182_5,00000000000000
test_0182_6,00000000000000
test_0182_7,00000000000000
test_0182_8,00000000000000
test_0182_9,00000000000000
test_0182_10,00000000000000
test_0182_11,00000000000000
test_0182_12,00000000000000
test_0182_13,00000000000000
test_0182_14,00000000000000
test_0183_1,0000000000000000000000000000
test_0183_2,0000000000000000000000000000
test_0183_3,0000000000000000000000000000
test_0183_4,0000000000000000000000000000
test_0183_5,0000000000000000000000000000
test_0183_6,0000000000000000000000000000
test_0183_7,0000000000000000000000000000
test_0183_8,0000000000000000000000000000
test_0183_9,0000000000000000000000000000
test_0183_10,0000000000000000000000000000
test_0183_11,0000000000000000000000000000
test_0183_12,0000000000000000000000000000
test_0183_13,0000000000000000000000000000
test_0183_14,0000000000000000000000000000
test_0183_15,0000000000000000000000000000
test_0183_16,0000000000000000000000000000
test_0183_17,0000000000000000000000000000
test_0183_18,0000000000000000000000000000
test_0183_19,0000000000000000000000000000
test_0183_20,0000000000000000000000000000
test_0183_21,0000000000000000000000000000
test_0183_22,0000000000000000000000000000
test_0183_23,0000000000000000000000000000
test_0183_24,0000000000000000000000000000
test_0184_1,000000000
test_0184_2,000000000
test_0184_3,000000000
test_0184_4,000000000
test_0184_5,000000000
test_0184_6,000000000
test_0185_1,00000000000000000000
test_0185_2,00000000000000000000
test_0185_3,00000000000000000000
test_0185_4,00000000000000000000
test_0185_5,00000000000000000000
test_0185_6,00000000000000000000
test_0185_7,00000000000000000000
test_0185_8,00000000000000000000
test_0185_9,00000000000000000000
test_0185_10,00000000000000000000
test_0185_11,00000000000000000000
test_0185_12,00000000000000000000
test_0185_13,00000000000000000000
test_0185_14,00000000000000000000
test_0185_15,00000000000000000000
test_0185_16,00000000000000000000
test_0185_17,00000000000000000000
test_0185_18,00000000000000000000
test_0185_19,00000000000000000000
test_0185_20,00000000000000000000
test_0186_1,0000000000
test_0186_2,0000000000
test_0186_3,0000000000
test_0186_4,0000000000
test_0186_5,0000000000
test_0186_6,0000000000
test_0186_7,0000000000
test_0186_8,0000000000
test_0186_9,0000000000
test_0186_10,0000000000
test_0187_1,000000000000000000000000000
test_0187_2,000000000000000000000000000
test_0187_3,000000000000000000000000000
test_0187_4,000000000000000000000000000
test_0187_5,000000000000000000000000000
test_0187_6,000000000000000000000000000
test_0187_7,000000000000000000000000000
test_0187_8,000000000000000000000000000
test_0187_9,000000000000000000000000000
test_0187_10,000000000000000000000000000
test_0187_11,000000000000000000000000000
test_0187_12,000000000000000000000000000
test_0187_13,000000000000000000000000000
test_0187_14,000000000000000000000000000
test_0187_15,000000000000000000000000000
test_0187_16,000000000000000000000000000
test_0187_17,000000000000000000000000000
test_0187_18,000000000000000000000000000
test_0187_19,000000000000000000000000000
test_0187_20,000000000000000000000000000
test_0187_21,000000000000000000000000000
test_0187_22,000000000000000000000000000
test_0187_23,000000000000000000000000000
test_0187_24,000000000000000000000000000
test_0187_25,000000000000000000000000000
test_0187_26,000000000000000000000000000
test_0188_1,0000000000000000
test_0188_2,0000000000000000
test_0188_3,0000000000000000
test_0188_4,0000000000000000
test_0188_5,0000000000000000
test_0188_6,0000000000000000
test_0188_7,0000000000000000
test_0188_8,0000000000000000
test_0188_9,0000000000000000
test_0188_10,0000000000000000
test_0188_11,0000000000000000
test_0188_12,0000000000000000
test_0188_13,0000000000000000
test_0188_14,0000000000000000
test_0188_15,0000000000000000
test_0188_16,0000000000000000
test_0189_1,00000000000000000000
test_0189_2,00000000000000000000
test_0189_3,00000000000000000000
test_0189_4,00000000000000000000
test_0189_5,00000000000000000000
test_0189_6,00000000000000000000
test_0189_7,00000000000000000000
test_0189_8,00000000000000000000
test_0189_9,00000000000000000000
test_0189_10,00000000000000000000
test_0189_11,00000000000000000000
test_0189_12,00000000000000000000
test_0189_13,00000000000000000000
test_0189_14,00000000000000000000
test_0189_15,00000000000000000000
test_0189_16,00000000000000000000
test_0189_17,00000000000000000000
test_0189_18,00000000000000000000
test_0189_19,00000000000000000000
test_0189_20,00000000000000000000
test_0190_1,0000000000
test_0190_2,0000000000
test_0190_3,0000000000
test_0190_4,0000000000
test_0190_5,0000000000
test_0190_6,0000000000
test_0190_7,0000000000
test_0190_8,0000000000
test_0190_9,0000000000
test_0191_1,0000000000
test_0191_2,0000000000
test_0191_3,0000000000
test_0191_4,0000000000
test_0191_5,0000000000
test_0191_6,0000000000
test_0191_7,0000000000
test_0191_8,0000000000
test_0191_9,0000000000
test_0191_10,0000000000
test_0192_1,0000000000000000000000000000
test_0192_2,0000000000000000000000000000
test_0192_3,0000000000000000000000000000
test_0192_4,0000000000000000000000000000
test_0192_5,0000000000000000000000000000
test_0192_6,0000000000000000000000000000
test_0192_7,0000000000000000000000000000
test_0192_8,0000000000000000000000000000
test_0192_9,0000000000000000000000000000
test_0192_10,0000000000000000000000000000
test_0192_11,0000000000000000000000000000
test_0192_12,0000000000000000000000000000
test_0192_13,0000000000000000000000000000
test_0192_14,0000000000000000000000000000
test_0192_15,0000000000000000000000000000
test_0192_16,0000000000000000000000000000
test_0192_17,0000000000000000000000000000
test_0192_18,0000000000000000000000000000
test_0192_19,0000000000000000000000000000
test_0192_20,0000000000000000000000000000
test_0192_21,0000000000000000000000000000
test_0192_22,0000000000000000000000000000
test_0192_23,0000000000000000000000000000
test_0192_24,0000000000000000000000000000
test_0192_25,0000000000000000000000000000
test_0192_26,0000000000000000000000000000
test_0192_27,0000000000000000000000000000
test_0192_28,0000000000000000000000000000
test_0193_1,0000000000000000000000000
test_0193_2,0000000000000000000000000
test_0193_3,0000000000000000000000000
test_0193_4,0000000000000000000000000
test_0193_5,0000000000000000000000000
test_0193_6,0000000000000000000000000
test_0193_7,0000000000000000000000000
test_0193_8,0000000000000000000000000
test_0193_9,0000000000000000000000000
test_0193_10,0000000000000000000000000
test_0193_11,0000000000000000000000000
test_0193_12,0000000000000000000000000
test_0193_13,0000000000000000000000000
test_0193_14,0000000000000000000000000
test_0193_15,0000000000000000000000000
test_0193_16,0000000000000000000000000
test_0193_17,0000000000000000000000000
test_0193_18,0000000000000000000000000
test_0193_19,0000000000000000000000000
test_0193_20,0000000000000000000000000
test_0193_21,0000000000000000000000000
test_0193_22,0000000000000000000000000
test_0193_23,0000000000000000000000000
test_0193_24,0000000000000000000000000
test_0193_25,0000000000000000000000000
test_0194_1,00000000000000000000000000000
test_0194_2,00000000000000000000000000000
test_0194_3,00000000000000000000000000000
test_0194_4,00000000000000000000000000000
test_0194_5,00000000000000000000000000000
test_0194_6,00000000000000000000000000000
test_0194_7,00000000000000000000000000000
test_0194_8,00000000000000000000000000000
test_0194_9,00000000000000000000000000000
test_0194_10,00000000000000000000000000000
test_0194_11,00000000000000000000000000000
test_0194_12,00000000000000000000000000000
test_0194_13,00000000000000000000000000000
test_0195_1,0000000000
test_0195_2,0000000000
test_0195_3,0000000000
test_0195_4,0000000000
test_0195_5,0000000000
test_0196_1,0000000000
test_0196_2,0000000000
test_0196_3,0000000000
test_0196_4,0000000000
test_0196_5,0000000000
test_0196_6,0000000000
test_0196_7,0000000000
test_0196_8,0000000000
test_0196_9,0000000000
test_0196_10,0000000000
test_0197_1,00000000000000000000000000000
test_0197_2,00000000000000000000000000000
test_0197_3,00000000000000000000000000000
test_0197_4,00000000000000000000000000000
test_0197_5,00000000000000000000000000000
test_0197_6,00000000000000000000000000000
test_0197_7,00000000000000000000000000000
test_0197_8,00000000000000000000000000000
test_0197_9,00000000000000000000000000000
test_0197_10,00000000000000000000000000000
test_0197_11,00000000000000000000000000000
test_0197_12,00000000000000000000000000000
test_0197_13,00000000000000000000000000000
test_0197_14,00000000000000000000000000000
test_0197_15,00000000000000000000000000000
test_0197_16,00000000000000000000000000000
test_0197_17,00000000000000000000000000000
test_0197_18,00000000000000000000000000000
test_0197_19,00000000000000000000000000000
test_0197_20,00000000000000000000000000000
test_0197_21,00000000000000000000000000000
test_0197_22,00000000000000000000000000000
test_0197_23,00000000000000000000000000000
test_0197_24,00000000000000000000000000000
test_0197_25,00000000000000000000000000000
test_0197_26,00000000000000000000000000000
test_0197_27,00000000000000000000000000000
test_0197_28,00000000000000000000000000000
test_0197_29,00000000000000000000000000000
test_0198_1,0000000000000000000000
test_0198_2,0000000000000000000000
test_0198_3,0000000000000000000000
test_0198_4,0000000000000000000000
test_0198_5,0000000000000000000000
test_0198_6,0000000000000000000000
test_0198_7,0000000000000000000000
test_0198_8,0000000000000000000000
test_0198_9,0000000000000000000000
test_0198_10,0000000000000000000000
test_0198_11,0000000000000000000000
test_0198_12,0000000000000000000000
test_0198_13,0000000000000000000000
test_0198_14,0000000000000000000000
test_0198_15,0000000000000000000000
test_0198_16,0000000000000000000000
test_0198_17,0000000000000000000000
test_0198_18,0000000000000000000000
test_0198_19,0000000000000000000000
test_0198_20,0000000000000000000000
test_0198_21,0000000000000000000000
test_0198_22,0000000000000000000000
test_0198_23,0000000000000000000000
test_0198_24,0000000000000000000000
test_0198_25,0000000000000000000000
test_0198_26,0000000000000000000000
test_0199_1,0000000000
test_0199_2,0000000000
test_0199_3,0000000000
test_0199_4,0000000000
test_0199_5,0000000000
test_0199_6,0000000000
test_0199_7,0000000000
test_0199_8,0000000000
test_0199_9,0000000000
test_0199_10,0000000000
